"timestamp_utc","soak_window","target_vus","actual_vus_live","actual_vus_live_source","role","pid","process_available","cpu_percent_total_machine","working_set_mb","private_memory_mb","thread_count"
"2026-08-17T17:26:04.6688610Z","pre_traffic","0","","unavailable","backend","28188","True","","44.84","53.52","12"
"2026-08-17T17:26:04.6688610Z","pre_traffic","0","","unavailable","k6","","False","","","",""
"2026-08-17T17:26:06.0739629Z","pre_traffic","0","","unavailable","backend","28188","True","","44.84","53.52","12"
"2026-08-17T17:26:06.0739629Z","pre_traffic","0","","unavailable","k6","10312","True","","5.91","45.598","1"
"2026-08-17T17:26:08.0974538Z","warmup_entry","2","1","k6_progress","backend","28188","True","0","45.855","53.641","12"
"2026-08-17T17:26:08.0974538Z","warmup_entry","2","1","k6_progress","k6","10312","True","0.643","34.145","62.41","18"
"2026-08-17T17:26:10.1047313Z","warmup_entry","2","1","k6_progress","backend","28188","True","0.065","46.789","54.938","12"
"2026-08-17T17:26:10.1047313Z","warmup_entry","2","1","k6_progress","k6","10312","True","0","34.672","63.059","18"
"2026-08-17T17:26:12.1311357Z","warmup_entry","3","1","k6_progress","backend","28188","True","0.064","47.203","55.184","12"
"2026-08-17T17:26:12.1311357Z","warmup_entry","3","1","k6_progress","k6","10312","True","0","35.328","63.637","18"
"2026-08-17T17:26:14.1364428Z","warmup_entry","3","2","k6_progress","backend","28188","True","0","47.715","55.703","12"
"2026-08-17T17:26:14.1364428Z","warmup_entry","3","2","k6_progress","k6","10312","True","0","35.785","63.988","18"
"2026-08-17T17:26:16.1508300Z","warmup_entry","3","2","k6_progress","backend","28188","True","0","47.715","55.703","12"
"2026-08-17T17:26:16.1508300Z","warmup_entry","3","2","k6_progress","k6","10312","True","0","35.918","63.988","18"
"2026-08-17T17:26:18.1518191Z","warmup_entry","4","3","k6_progress","backend","28188","True","0.195","47.906","55.703","12"
"2026-08-17T17:26:18.1518191Z","warmup_entry","4","3","k6_progress","k6","10312","True","0.065","35.996","63.988","18"
"2026-08-17T17:26:20.1519266Z","warmup_entry","4","3","k6_progress","backend","28188","True","0","47.914","55.703","12"
"2026-08-17T17:26:20.1519266Z","warmup_entry","4","3","k6_progress","k6","10312","True","0.065","36.188","64.09","18"
"2026-08-17T17:26:22.1596592Z","warmup_entry","4","3","k6_progress","backend","28188","True","0.259","48.344","56.34","12"
"2026-08-17T17:26:22.1596592Z","warmup_entry","4","3","k6_progress","k6","10312","True","0","36.199","64.098","18"
"2026-08-17T17:26:24.1604662Z","warmup_entry","5","4","k6_progress","backend","28188","True","0.13","48.348","56.34","12"
"2026-08-17T17:26:24.1604662Z","warmup_entry","5","4","k6_progress","k6","10312","True","0.13","36.207","64.098","18"
"2026-08-17T17:26:26.1737137Z","warmup_entry","5","4","k6_progress","backend","28188","True","0","48.707","56.602","12"
"2026-08-17T17:26:26.1737137Z","warmup_entry","5","4","k6_progress","k6","10312","True","0.129","36.438","64.305","18"
"2026-08-17T17:26:28.1951206Z","warmup_entry","6","5","k6_progress","backend","28188","True","0","48.719","56.602","12"
"2026-08-17T17:26:28.1951206Z","warmup_entry","6","5","k6_progress","k6","10312","True","0","36.516","64.312","18"
"2026-08-17T17:26:30.1986427Z","warmup_entry","6","5","k6_progress","backend","28188","True","0.195","48.844","56.602","12"
"2026-08-17T17:26:30.1986427Z","warmup_entry","6","5","k6_progress","k6","10312","True","0","36.59","64.352","18"
"2026-08-17T17:26:32.2138791Z","warmup_entry","6","5","k6_progress","backend","28188","True","0.194","49.004","56.859","12"
"2026-08-17T17:26:32.2138791Z","warmup_entry","6","5","k6_progress","k6","10312","True","0","36.605","64.352","18"
"2026-08-17T17:26:34.2178807Z","warmup_entry","7","6","k6_progress","backend","28188","True","0","49.055","56.859","12"
"2026-08-17T17:26:34.2178807Z","warmup_entry","7","6","k6_progress","k6","10312","True","0","36.914","64.648","18"
"2026-08-17T17:26:36.2307087Z","warmup_entry","7","6","k6_progress","backend","28188","True","0.194","49.41","57.375","12"
"2026-08-17T17:26:36.2307087Z","warmup_entry","7","6","k6_progress","k6","10312","True","0.129","37.941","65.746","17"
"2026-08-17T17:26:38.2383974Z","warmup_entry","7","6","k6_progress","backend","28188","True","0","49.41","57.375","12"
"2026-08-17T17:26:38.2383974Z","warmup_entry","7","6","k6_progress","k6","10312","True","0.13","38.281","66.059","17"
"2026-08-17T17:26:40.2564941Z","warmup_entry","8","7","k6_progress","backend","28188","True","0","49.586","57.633","12"
"2026-08-17T17:26:40.2564941Z","warmup_entry","8","7","k6_progress","k6","10312","True","0.065","38.379","66.129","17"
"2026-08-17T17:26:42.2671481Z","warmup_entry","8","7","k6_progress","backend","28188","True","0.194","49.824","57.891","12"
"2026-08-17T17:26:42.2671481Z","warmup_entry","8","7","k6_progress","k6","10312","True","0.13","38.828","66.348","17"
"2026-08-17T17:26:44.2842921Z","warmup_entry","8","7","k6_progress","backend","28188","True","0","49.836","57.891","12"
"2026-08-17T17:26:44.2842921Z","warmup_entry","8","7","k6_progress","k6","10312","True","0.065","38.988","66.488","17"
"2026-08-17T17:26:46.2952436Z","warmup_entry","9","8","k6_progress","backend","28188","True","0","50.355","57.891","12"
"2026-08-17T17:26:46.2952436Z","warmup_entry","9","8","k6_progress","k6","10312","True","0.065","39.117","66.559","17"
"2026-08-17T17:26:48.3002950Z","warmup_entry","9","8","k6_progress","backend","28188","True","0.13","50.355","57.891","12"
"2026-08-17T17:26:48.3002950Z","warmup_entry","9","8","k6_progress","k6","10312","True","0.065","39.27","66.645","17"
"2026-08-17T17:26:50.3126621Z","warmup_entry","10","9","k6_progress","backend","28188","True","0.129","50.621","58.152","12"
"2026-08-17T17:26:50.3126621Z","warmup_entry","10","9","k6_progress","k6","10312","True","0","39.52","66.855","17"
"2026-08-17T17:26:52.3222996Z","warmup_entry","10","9","k6_progress","backend","28188","True","0.065","50.812","58.414","12"
"2026-08-17T17:26:52.3222996Z","warmup_entry","10","9","k6_progress","k6","10312","True","0","39.598","66.934","17"
"2026-08-17T17:26:54.3363328Z","warmup_entry","10","9","k6_progress","backend","28188","True","0.129","51.004","58.672","12"
"2026-08-17T17:26:54.3363328Z","warmup_entry","10","9","k6_progress","k6","10312","True","0","39.609","66.934","17"
"2026-08-17T17:26:56.3402872Z","warmup_entry","11","10","k6_progress","backend","28188","True","0.195","51.262","58.93","12"
"2026-08-17T17:26:56.3402872Z","warmup_entry","11","10","k6_progress","k6","10312","True","0.065","39.773","67.074","17"
"2026-08-17T17:26:58.3550478Z","warmup_entry","11","10","k6_progress","backend","28188","True","0","51.398","59.191","12"
"2026-08-17T17:26:58.3550478Z","warmup_entry","11","10","k6_progress","k6","10312","True","0","39.855","67.074","17"
"2026-08-17T17:27:00.3589537Z","warmup_entry","11","10","k6_progress","backend","28188","True","0.26","51.645","59.191","12"
"2026-08-17T17:27:00.3589537Z","warmup_entry","11","10","k6_progress","k6","10312","True","0.195","40.57","67.824","17"
"2026-08-17T17:27:02.3729690Z","warmup_entry","12","11","k6_progress","backend","28188","True","0.065","52.027","59.516","12"
"2026-08-17T17:27:02.3729690Z","warmup_entry","12","11","k6_progress","k6","10312","True","0.065","40.578","67.824","17"
"2026-08-17T17:27:04.3922727Z","warmup_entry","12","11","k6_progress","backend","28188","True","0.129","52.473","60.031","12"
"2026-08-17T17:27:04.3922727Z","warmup_entry","12","11","k6_progress","k6","10312","True","0","40.66","67.824","17"
"2026-08-17T17:27:06.4087210Z","early_steady","12","11","k6_progress","backend","28188","True","0.194","52.473","60.031","12"
"2026-08-17T17:27:06.4087210Z","early_steady","12","11","k6_progress","k6","10312","True","0.258","40.91","68.004","17"
"2026-08-17T17:27:08.4228665Z","early_steady","12","12","k6_progress","backend","28188","True","0.129","52.844","60.812","12"
"2026-08-17T17:27:08.4228665Z","early_steady","12","12","k6_progress","k6","10312","True","0.259","40.926","68.004","17"
"2026-08-17T17:27:10.4405804Z","early_steady","12","12","k6_progress","backend","28188","True","0.129","53.234","60.812","12"
"2026-08-17T17:27:10.4405804Z","early_steady","12","12","k6_progress","k6","10312","True","0.258","41.414","68.422","17"
"2026-08-17T17:27:12.4562954Z","early_steady","12","12","k6_progress","backend","28188","True","0","53.301","60.812","12"
"2026-08-17T17:27:12.4562954Z","early_steady","12","12","k6_progress","k6","10312","True","0","41.594","68.594","17"
"2026-08-17T17:27:14.4698755Z","early_steady","12","12","k6_progress","backend","28188","True","0","53.934","61.59","12"
"2026-08-17T17:27:14.4698755Z","early_steady","12","12","k6_progress","k6","10312","True","0","41.605","68.594","17"
"2026-08-17T17:27:16.4857843Z","early_steady","12","12","k6_progress","backend","28188","True","0.129","54.055","62.07","12"
"2026-08-17T17:27:16.4857843Z","early_steady","12","12","k6_progress","k6","10312","True","0.323","41.703","68.688","17"
"2026-08-17T17:27:18.4896027Z","early_steady","12","12","k6_progress","backend","28188","True","0.065","54.254","62.07","12"
"2026-08-17T17:27:18.4896027Z","early_steady","12","12","k6_progress","k6","10312","True","0.065","41.703","68.688","17"
"2026-08-17T17:27:20.5069398Z","early_steady","12","12","k6_progress","backend","28188","True","0.129","54.68","62.328","12"
"2026-08-17T17:27:20.5069398Z","early_steady","12","12","k6_progress","k6","10312","True","0.065","41.703","68.688","17"
"2026-08-17T17:27:22.5180339Z","early_steady","12","12","k6_progress","backend","28188","True","0.194","55.199","62.898","12"
"2026-08-17T17:27:22.5180339Z","early_steady","12","12","k6_progress","k6","10312","True","0","41.754","68.688","17"
"2026-08-17T17:27:24.5209293Z","early_steady","12","12","k6_progress","backend","28188","True","0.13","55.406","62.898","12"
"2026-08-17T17:27:24.5209293Z","early_steady","12","12","k6_progress","k6","10312","True","0.065","41.754","68.688","17"
"2026-08-17T17:27:26.5346684Z","early_steady","12","12","k6_progress","backend","28188","True","0.065","55.512","63.367","12"
"2026-08-17T17:27:26.5346684Z","early_steady","12","12","k6_progress","k6","10312","True","0.065","41.82","68.734","17"
"2026-08-17T17:27:28.5448714Z","early_steady","12","12","k6_progress","backend","28188","True","0.259","56.105","63.953","12"
"2026-08-17T17:27:28.5448714Z","early_steady","12","12","k6_progress","k6","10312","True","0.13","41.941","68.961","17"
"2026-08-17T17:27:30.5584193Z","early_steady","12","12","k6_progress","backend","28188","True","0.517","56.484","64.254","12"
"2026-08-17T17:27:30.5584193Z","early_steady","12","12","k6_progress","k6","10312","True","0.259","42.004","69.109","17"
"2026-08-17T17:27:32.5788217Z","early_steady","12","12","k6_progress","backend","28188","True","0.064","56.484","64.254","12"
"2026-08-17T17:27:32.5788217Z","early_steady","12","12","k6_progress","k6","10312","True","0","42.043","69.109","17"
"2026-08-17T17:27:34.5905503Z","early_steady","12","12","k6_progress","backend","28188","True","0.065","56.578","64.254","12"
"2026-08-17T17:27:34.5905503Z","early_steady","12","12","k6_progress","k6","10312","True","0.129","42.051","69.109","17"
"2026-08-17T17:27:36.6041553Z","early_steady","12","12","k6_progress","backend","28188","True","0.388","56.375","63.809","12"
"2026-08-17T17:27:36.6041553Z","early_steady","12","12","k6_progress","k6","10312","True","0","42.062","69.109","17"
"2026-08-17T17:27:38.6078318Z","early_steady","12","12","k6_progress","backend","28188","True","0.195","56.395","63.812","12"
"2026-08-17T17:27:38.6078318Z","early_steady","12","12","k6_progress","k6","10312","True","0.065","42.32","69.352","17"
"2026-08-17T17:27:40.6196097Z","early_steady","12","12","k6_progress","backend","28188","True","0.194","56.395","63.812","12"
"2026-08-17T17:27:40.6196097Z","early_steady","12","12","k6_progress","k6","10312","True","0","42.332","69.352","17"
"2026-08-17T17:27:42.6199924Z","early_steady","12","12","k6_progress","backend","28188","True","0.325","56.637","64.727","12"
"2026-08-17T17:27:42.6199924Z","early_steady","12","12","k6_progress","k6","10312","True","0","42.367","69.352","17"
"2026-08-17T17:27:44.6328892Z","early_steady","12","12","k6_progress","backend","28188","True","0","56.516","64.281","13"
"2026-08-17T17:27:44.6328892Z","early_steady","12","12","k6_progress","k6","10312","True","0.065","42.367","69.352","17"
"2026-08-17T17:27:46.6446446Z","early_steady","12","12","k6_progress","backend","28188","True","0.324","56.527","64.293","13"
"2026-08-17T17:27:46.6446446Z","early_steady","12","12","k6_progress","k6","10312","True","0","42.398","69.352","17"
"2026-08-17T17:27:48.6566265Z","early_steady","12","12","k6_progress","backend","28188","True","0.259","56.527","64.293","13"
"2026-08-17T17:27:48.6566265Z","early_steady","12","12","k6_progress","k6","10312","True","0.388","42.402","69.352","17"
"2026-08-17T17:27:50.6714108Z","early_steady","12","12","k6_progress","backend","28188","True","0.129","56.609","64.363","13"
"2026-08-17T17:27:50.6714108Z","early_steady","12","12","k6_progress","k6","10312","True","0.129","42.406","69.352","17"
"2026-08-17T17:27:52.6906159Z","early_steady","12","12","k6_progress","backend","28188","True","0.258","56.891","64.766","13"
"2026-08-17T17:27:52.6906159Z","early_steady","12","12","k6_progress","k6","10312","True","0.258","42.414","69.352","17"
"2026-08-17T17:27:54.7003865Z","early_steady","12","12","k6_progress","backend","28188","True","0.13","56.578","64.297","13"
"2026-08-17T17:27:54.7003865Z","early_steady","12","12","k6_progress","k6","10312","True","0.389","42.445","69.438","17"
"2026-08-17T17:27:56.7011829Z","early_steady","12","12","k6_progress","backend","28188","True","0.065","56.586","64.305","13"
"2026-08-17T17:27:56.7011829Z","early_steady","12","12","k6_progress","k6","10312","True","0.195","42.57","69.758","17"
"2026-08-17T17:27:58.7141650Z","early_steady","12","12","k6_progress","backend","28188","True","0.065","56.59","64.309","13"
"2026-08-17T17:27:58.7141650Z","early_steady","12","12","k6_progress","k6","10312","True","0.065","42.613","69.852","17"
"2026-08-17T17:28:00.7418325Z","early_steady","12","12","k6_progress","backend","28188","True","0.193","56.551","64.402","13"
"2026-08-17T17:28:00.7418325Z","early_steady","12","12","k6_progress","k6","10312","True","0.064","42.617","69.852","17"
"2026-08-17T17:28:02.7451968Z","early_steady","12","12","k6_progress","backend","28188","True","0.325","56.734","64.926","13"
"2026-08-17T17:28:02.7451968Z","early_steady","12","12","k6_progress","k6","10312","True","0.065","42.621","69.852","17"
"2026-08-17T17:28:04.7623241Z","early_steady","12","12","k6_progress","backend","28188","True","0.129","56.738","64.926","13"
"2026-08-17T17:28:04.7623241Z","early_steady","12","12","k6_progress","k6","10312","True","0.129","42.738","69.852","17"
"2026-08-17T17:28:06.7754976Z","early_steady","12","12","k6_progress","backend","28188","True","0.129","56.742","64.383","13"
"2026-08-17T17:28:06.7754976Z","early_steady","12","12","k6_progress","k6","10312","True","0.065","42.742","69.852","17"
"2026-08-17T17:28:08.7834195Z","early_steady","12","12","k6_progress","backend","28188","True","0.065","56.746","64.383","13"
"2026-08-17T17:28:08.7834195Z","early_steady","12","12","k6_progress","k6","10312","True","0.065","42.746","69.852","17"
"2026-08-17T17:28:10.7973785Z","early_steady","12","12","k6_progress","backend","28188","True","0.259","56.648","64.227","13"
"2026-08-17T17:28:10.7973785Z","early_steady","12","12","k6_progress","k6","10312","True","0.065","42.77","69.883","17"
"2026-08-17T17:28:12.8123553Z","early_steady","12","12","k6_progress","backend","28188","True","0","56.664","64.25","13"
"2026-08-17T17:28:12.8123553Z","early_steady","12","12","k6_progress","k6","10312","True","0.065","42.969","69.883","17"
"2026-08-17T17:28:14.8189304Z","early_steady","12","12","k6_progress","backend","28188","True","0","56.668","64.25","13"
"2026-08-17T17:28:14.8189304Z","early_steady","12","12","k6_progress","k6","10312","True","0","43","69.891","17"
"2026-08-17T17:28:16.8264634Z","early_steady","12","12","k6_progress","backend","28188","True","0.195","56.98","65.207","13"
"2026-08-17T17:28:16.8264634Z","early_steady","12","12","k6_progress","k6","10312","True","0","43","69.891","17"
"2026-08-17T17:28:18.8410249Z","early_steady","12","12","k6_progress","backend","28188","True","0.194","57.09","65.23","13"
"2026-08-17T17:28:18.8410249Z","early_steady","12","12","k6_progress","k6","10312","True","0.129","43.008","69.891","17"
"2026-08-17T17:28:20.8427315Z","early_steady","12","12","k6_progress","backend","28188","True","0.13","57.094","65.23","13"
"2026-08-17T17:28:20.8427315Z","early_steady","12","12","k6_progress","k6","10312","True","0","43.004","69.859","16"
"2026-08-17T17:28:22.8487226Z","early_steady","12","12","k6_progress","backend","28188","True","0.13","57.117","65.23","13"
"2026-08-17T17:28:22.8487226Z","early_steady","12","12","k6_progress","k6","10312","True","0.13","43.004","69.859","16"
"2026-08-17T17:28:24.8579804Z","early_steady","12","12","k6_progress","backend","28188","True","0.194","57.512","65.488","13"
"2026-08-17T17:28:24.8579804Z","early_steady","12","12","k6_progress","k6","10312","True","0.13","43.02","69.859","16"
"2026-08-17T17:28:26.8711812Z","early_steady","12","12","k6_progress","backend","28188","True","0","57.762","66.008","13"
"2026-08-17T17:28:26.8711812Z","early_steady","12","12","k6_progress","k6","10312","True","0.065","43.02","69.859","16"
"2026-08-17T17:28:28.8851079Z","early_steady","12","12","k6_progress","backend","28188","True","0.194","57.543","64.965","13"
"2026-08-17T17:28:28.8851079Z","early_steady","12","12","k6_progress","k6","10312","True","0.129","43.023","69.859","16"
"2026-08-17T17:28:30.8957745Z","early_steady","12","12","k6_progress","backend","28188","True","0.065","57.758","65.008","14"
"2026-08-17T17:28:30.8957745Z","early_steady","12","12","k6_progress","k6","10312","True","0.259","43.023","69.859","16"
"2026-08-17T17:28:32.9137343Z","early_steady","12","12","k6_progress","backend","28188","True","0.065","57.758","65.008","14"
"2026-08-17T17:28:32.9137343Z","early_steady","12","12","k6_progress","k6","10312","True","0","43.023","69.859","16"
"2026-08-17T17:28:34.9298719Z","early_steady","12","12","k6_progress","backend","28188","True","0.194","57.758","65.008","14"
"2026-08-17T17:28:34.9298719Z","early_steady","12","12","k6_progress","k6","10312","True","0.065","43.027","69.859","16"
"2026-08-17T17:28:36.9354776Z","early_steady","12","12","k6_progress","backend","28188","True","0.325","57.922","65.277","14"
"2026-08-17T17:28:36.9354776Z","early_steady","12","12","k6_progress","k6","10312","True","0.065","43.059","69.859","16"
"2026-08-17T17:28:38.9360768Z","early_steady","12","12","k6_progress","backend","28188","True","0.13","57.953","65.277","14"
"2026-08-17T17:28:38.9360768Z","early_steady","12","12","k6_progress","k6","10312","True","0","43.062","69.859","16"
"2026-08-17T17:28:40.9567349Z","early_steady","12","12","k6_progress","backend","28188","True","0.193","57.918","65.938","14"
"2026-08-17T17:28:40.9567349Z","early_steady","12","12","k6_progress","k6","10312","True","0.58","43.066","69.859","16"
"2026-08-17T17:28:42.9613927Z","early_steady","12","12","k6_progress","backend","28188","True","0.26","57.918","65.938","14"
"2026-08-17T17:28:42.9613927Z","early_steady","12","12","k6_progress","k6","10312","True","0.195","43.09","69.859","16"
"2026-08-17T17:28:44.9708491Z","early_steady","12","12","k6_progress","backend","28188","True","0.065","58.176","66.148","14"
"2026-08-17T17:28:44.9708491Z","early_steady","12","12","k6_progress","k6","10312","True","0","43.094","69.859","16"
"2026-08-17T17:28:46.9805342Z","early_steady","12","12","k6_progress","backend","28188","True","0.13","58.293","66.152","14"
"2026-08-17T17:28:46.9805342Z","early_steady","12","12","k6_progress","k6","10312","True","0.259","43.109","69.859","16"
"2026-08-17T17:28:48.9898717Z","early_steady","12","12","k6_progress","backend","28188","True","0.259","58.293","66.152","14"
"2026-08-17T17:28:48.9898717Z","early_steady","12","12","k6_progress","k6","10312","True","0.13","43.215","69.859","16"
"2026-08-17T17:28:50.9946342Z","early_steady","12","12","k6_progress","backend","28188","True","0.13","58.039","65.277","14"
"2026-08-17T17:28:50.9946342Z","early_steady","12","12","k6_progress","k6","10312","True","0.195","43.297","69.859","16"
"2026-08-17T17:28:53.0081597Z","early_steady","12","12","k6_progress","backend","28188","True","0.194","58.199","65.371","14"
"2026-08-17T17:28:53.0081597Z","early_steady","12","12","k6_progress","k6","10312","True","0.129","43.309","69.859","16"
"2026-08-17T17:28:55.0228975Z","early_steady","12","12","k6_progress","backend","28188","True","0.194","58.199","65.371","14"
"2026-08-17T17:28:55.0228975Z","early_steady","12","12","k6_progress","k6","10312","True","0.065","43.312","69.859","16"
"2026-08-17T17:28:57.0354355Z","early_steady","12","12","k6_progress","backend","28188","True","0.194","58.242","65.371","14"
"2026-08-17T17:28:57.0354355Z","early_steady","12","12","k6_progress","k6","10312","True","0.065","43.316","69.859","16"
"2026-08-17T17:28:59.0509788Z","early_steady","12","12","k6_progress","backend","28188","True","0.065","58.246","65.375","14"
"2026-08-17T17:28:59.0509788Z","early_steady","12","12","k6_progress","k6","10312","True","0.129","43.316","69.859","16"
"2026-08-17T17:29:01.0677371Z","early_steady","12","12","k6_progress","backend","28188","True","0.065","58.25","65.379","14"
"2026-08-17T17:29:01.0677371Z","early_steady","12","12","k6_progress","k6","10312","True","0.129","43.32","69.859","16"
"2026-08-17T17:29:03.0874485Z","early_steady","12","12","k6_progress","backend","28188","True","0.064","58.344","65.379","14"
"2026-08-17T17:29:03.0874485Z","early_steady","12","12","k6_progress","k6","10312","True","0.129","43.32","69.859","16"
"2026-08-17T17:29:05.0952293Z","early_steady","12","12","k6_progress","backend","28188","True","0.065","58.344","65.379","14"
"2026-08-17T17:29:05.0952293Z","early_steady","12","12","k6_progress","k6","10312","True","0","43.32","69.859","16"
"2026-08-17T17:29:07.1088039Z","early_steady","12","12","k6_progress","backend","28188","True","0.129","58.344","65.379","14"
"2026-08-17T17:29:07.1088039Z","early_steady","12","12","k6_progress","k6","10312","True","0.065","43.324","69.859","16"
"2026-08-17T17:29:09.1096690Z","early_steady","12","12","k6_progress","backend","28188","True","0.065","58.109","65.195","14"
"2026-08-17T17:29:09.1096690Z","early_steady","12","12","k6_progress","k6","10312","True","0","43.348","69.891","16"
"2026-08-17T17:29:11.1104018Z","early_steady","12","12","k6_progress","backend","28188","True","0.195","58.203","65.195","14"
"2026-08-17T17:29:11.1104018Z","early_steady","12","12","k6_progress","k6","10312","True","0.065","43.348","69.891","16"
"2026-08-17T17:29:13.1117759Z","early_steady","12","12","k6_progress","backend","28188","True","0","58.203","65.195","14"
"2026-08-17T17:29:13.1117759Z","early_steady","12","12","k6_progress","k6","10312","True","0.26","43.348","69.891","16"
"2026-08-17T17:29:15.1191722Z","early_steady","12","12","k6_progress","backend","28188","True","0.324","58.219","65.199","14"
"2026-08-17T17:29:15.1191722Z","early_steady","12","12","k6_progress","k6","10312","True","0.195","43.352","69.891","16"
"2026-08-17T17:29:17.1305235Z","early_steady","12","12","k6_progress","backend","28188","True","0.259","57.984","64.93","14"
"2026-08-17T17:29:17.1305235Z","early_steady","12","12","k6_progress","k6","10312","True","0","43.355","69.891","16"
"2026-08-17T17:29:19.1404108Z","early_steady","12","12","k6_progress","backend","28188","True","0.13","58.191","65.395","14"
"2026-08-17T17:29:19.1404108Z","early_steady","12","12","k6_progress","k6","10312","True","0.194","43.371","69.891","16"
"2026-08-17T17:29:21.1440496Z","early_steady","12","12","k6_progress","backend","28188","True","0.065","58.191","65.395","14"
"2026-08-17T17:29:21.1440496Z","early_steady","12","12","k6_progress","k6","10312","True","0","43.375","69.891","16"
"2026-08-17T17:29:23.1554899Z","early_steady","12","12","k6_progress","backend","28188","True","0.324","58.195","65.395","14"
"2026-08-17T17:29:23.1554899Z","early_steady","12","12","k6_progress","k6","10312","True","0","43.379","69.891","16"
"2026-08-17T17:29:25.1617890Z","early_steady","12","12","k6_progress","backend","28188","True","0.26","58.16","66.441","14"
"2026-08-17T17:29:25.1617890Z","early_steady","12","12","k6_progress","k6","10312","True","0","43.383","69.891","16"
"2026-08-17T17:29:27.1715743Z","early_steady","12","12","k6_progress","backend","28188","True","0.065","58.16","66.441","14"
"2026-08-17T17:29:27.1715743Z","early_steady","12","12","k6_progress","k6","10312","True","0.065","43.367","69.859","15"
"2026-08-17T17:29:29.1753549Z","early_steady","12","12","k6_progress","backend","28188","True","0.065","58.258","66.699","14"
"2026-08-17T17:29:29.1753549Z","early_steady","12","12","k6_progress","k6","10312","True","0.13","43.371","69.859","15"
"2026-08-17T17:29:31.1923730Z","early_steady","12","12","k6_progress","backend","28188","True","0.323","58.664","67.117","14"
"2026-08-17T17:29:31.1923730Z","early_steady","12","12","k6_progress","k6","10312","True","0.194","43.387","69.859","15"
"2026-08-17T17:29:33.2079489Z","early_steady","12","12","k6_progress","backend","28188","True","0.194","58.402","65.469","14"
"2026-08-17T17:29:33.2079489Z","early_steady","12","12","k6_progress","k6","10312","True","0.129","43.387","69.859","15"
"2026-08-17T17:29:35.2184324Z","early_steady","12","12","k6_progress","backend","28188","True","0.065","58.602","65.793","14"
"2026-08-17T17:29:35.2184324Z","early_steady","12","12","k6_progress","k6","10312","True","0.065","43.391","69.859","15"
"2026-08-17T17:29:37.2308096Z","early_steady","12","12","k6_progress","backend","28188","True","0.065","58.602","65.793","14"
"2026-08-17T17:29:37.2308096Z","early_steady","12","12","k6_progress","k6","10312","True","0.065","43.391","69.859","15"
"2026-08-17T17:29:39.2445679Z","early_steady","12","12","k6_progress","backend","28188","True","0","58.602","65.793","14"
"2026-08-17T17:29:39.2445679Z","early_steady","12","12","k6_progress","k6","10312","True","0","43.398","69.859","15"
"2026-08-17T17:29:41.2519440Z","early_steady","12","12","k6_progress","backend","28188","True","0.065","58.602","65.793","14"
"2026-08-17T17:29:41.2519440Z","early_steady","12","12","k6_progress","k6","10312","True","0.065","43.398","69.859","15"
"2026-08-17T17:29:43.2684072Z","early_steady","12","12","k6_progress","backend","28188","True","0.194","58.57","65.793","14"
"2026-08-17T17:29:43.2684072Z","early_steady","12","12","k6_progress","k6","10312","True","0","43.406","69.859","15"
"2026-08-17T17:29:45.2799839Z","early_steady","12","12","k6_progress","backend","28188","True","0.388","58.543","65.918","14"
"2026-08-17T17:29:45.2799839Z","early_steady","12","12","k6_progress","k6","10312","True","0","43.406","69.859","15"
"2026-08-17T17:29:47.2956768Z","early_steady","12","12","k6_progress","backend","28188","True","0.129","58.543","65.918","14"
"2026-08-17T17:29:47.2956768Z","early_steady","12","12","k6_progress","k6","10312","True","0.194","43.406","69.859","15"
"2026-08-17T17:29:49.3096361Z","early_steady","12","12","k6_progress","backend","28188","True","0.194","58.543","65.918","14"
"2026-08-17T17:29:49.3096361Z","early_steady","12","12","k6_progress","k6","10312","True","0","43.406","69.859","15"
"2026-08-17T17:29:51.3100858Z","early_steady","12","12","k6_progress","backend","28188","True","0.065","58.426","65.465","14"
"2026-08-17T17:29:51.3100858Z","early_steady","12","12","k6_progress","k6","10312","True","0.26","43.539","70.02","15"
"2026-08-17T17:29:53.3172351Z","early_steady","12","12","k6_progress","backend","28188","True","0","58.512","65.559","14"
"2026-08-17T17:29:53.3172351Z","early_steady","12","12","k6_progress","k6","10312","True","0","43.906","70.496","15"
"2026-08-17T17:29:55.3372370Z","early_steady","12","12","k6_progress","backend","28188","True","0.129","58.512","65.559","14"
"2026-08-17T17:29:55.3372370Z","early_steady","12","12","k6_progress","k6","10312","True","0","44.148","70.855","15"
"2026-08-17T17:29:57.3434560Z","early_steady","12","12","k6_progress","backend","28188","True","0.389","58.516","65.562","14"
"2026-08-17T17:29:57.3434560Z","early_steady","12","12","k6_progress","k6","10312","True","0.26","43.727","70.426","15"
"2026-08-17T17:29:59.3481443Z","early_steady","12","12","k6_progress","backend","28188","True","0.26","58.523","65.57","14"
"2026-08-17T17:29:59.3481443Z","early_steady","12","12","k6_progress","k6","10312","True","0","43.676","70.363","15"
"2026-08-17T17:30:01.3524156Z","early_steady","12","12","k6_progress","backend","28188","True","0.325","58.395","65.465","14"
"2026-08-17T17:30:01.3524156Z","early_steady","12","12","k6_progress","k6","10312","True","0.13","43.676","70.363","15"
"2026-08-17T17:30:03.3653545Z","early_steady","12","12","k6_progress","backend","28188","True","0.194","58.375","65.359","14"
"2026-08-17T17:30:03.3653545Z","early_steady","12","12","k6_progress","k6","10312","True","0.129","43.59","70.113","15"
"2026-08-17T17:30:05.3793991Z","early_steady","12","12","k6_progress","backend","28188","True","0.453","58.641","65.633","14"
"2026-08-17T17:30:05.3793991Z","early_steady","12","12","k6_progress","k6","10312","True","0.065","43.59","70.113","15"
"2026-08-17T17:30:07.3800422Z","early_steady","12","12","k6_progress","backend","28188","True","0.065","58.641","65.633","14"
"2026-08-17T17:30:07.3800422Z","early_steady","12","12","k6_progress","k6","10312","True","0","43.59","70.113","15"
"2026-08-17T17:30:09.3874684Z","early_steady","12","12","k6_progress","backend","28188","True","0.259","58.641","65.633","14"
"2026-08-17T17:30:09.3874684Z","early_steady","12","12","k6_progress","k6","10312","True","0.195","43.594","70.113","15"
"2026-08-17T17:30:11.4040942Z","early_steady","12","12","k6_progress","backend","28188","True","0.129","58.645","65.637","14"
"2026-08-17T17:30:11.4040942Z","early_steady","12","12","k6_progress","k6","10312","True","0.258","43.598","70.113","15"
"2026-08-17T17:30:13.4195968Z","early_steady","12","12","k6_progress","backend","28188","True","0.065","58.609","65.57","12"
"2026-08-17T17:30:13.4195968Z","early_steady","12","12","k6_progress","k6","10312","True","0.129","43.633","70.16","15"
"2026-08-17T17:30:15.4422770Z","early_steady","12","12","k6_progress","backend","28188","True","0.193","58.613","65.578","12"
"2026-08-17T17:30:15.4422770Z","early_steady","12","12","k6_progress","k6","10312","True","0.193","43.656","70.176","15"
"2026-08-17T17:30:17.4504952Z","early_steady","12","12","k6_progress","backend","28188","True","0.195","58.617","65.578","12"
"2026-08-17T17:30:17.4504952Z","early_steady","12","12","k6_progress","k6","10312","True","0.195","43.656","70.176","15"
"2026-08-17T17:30:19.4515049Z","early_steady","12","12","k6_progress","backend","28188","True","0.195","58.617","65.578","12"
"2026-08-17T17:30:19.4515049Z","early_steady","12","12","k6_progress","k6","10312","True","0.065","43.656","70.176","15"
"2026-08-17T17:30:21.4653247Z","early_steady","12","12","k6_progress","backend","28188","True","0.129","58.617","65.578","12"
"2026-08-17T17:30:21.4653247Z","early_steady","12","12","k6_progress","k6","10312","True","0.194","43.656","70.176","15"
"2026-08-17T17:30:23.4703102Z","early_steady","12","12","k6_progress","backend","28188","True","0.065","58.617","65.578","12"
"2026-08-17T17:30:23.4703102Z","early_steady","12","12","k6_progress","k6","10312","True","0.13","40.969","70.176","15"
"2026-08-17T17:30:25.4815160Z","early_steady","12","12","k6_progress","backend","28188","True","0.194","58.617","65.578","12"
"2026-08-17T17:30:25.4815160Z","early_steady","12","12","k6_progress","k6","10312","True","0","41.793","70.176","15"
"2026-08-17T17:30:27.4962920Z","early_steady","12","12","k6_progress","backend","28188","True","0.065","58.617","65.578","12"
"2026-08-17T17:30:27.4962920Z","early_steady","12","12","k6_progress","k6","10312","True","0.129","42.312","70.176","15"
"2026-08-17T17:30:29.5061418Z","early_steady","12","12","k6_progress","backend","28188","True","0.065","58.617","65.578","12"
"2026-08-17T17:30:29.5061418Z","early_steady","12","12","k6_progress","k6","10312","True","0.13","42.48","70.051","15"
"2026-08-17T17:30:31.5188877Z","early_steady","12","12","k6_progress","backend","28188","True","0.129","58.617","65.578","12"
"2026-08-17T17:30:31.5188877Z","early_steady","12","12","k6_progress","k6","10312","True","0","42.645","70.051","15"
"2026-08-17T17:30:33.5294797Z","early_steady","12","12","k6_progress","backend","28188","True","0.194","58.641","65.602","12"
"2026-08-17T17:30:33.5294797Z","early_steady","12","12","k6_progress","k6","10312","True","0.065","42.703","70.051","15"
"2026-08-17T17:30:35.5503904Z","early_steady","12","12","k6_progress","backend","28188","True","0","58.641","65.602","12"
"2026-08-17T17:30:35.5503904Z","early_steady","12","12","k6_progress","k6","10312","True","0.129","42.762","70.051","15"
"2026-08-17T17:30:37.5639480Z","early_steady","12","12","k6_progress","backend","28188","True","0.065","58.848","66.266","12"
"2026-08-17T17:30:37.5639480Z","early_steady","12","12","k6_progress","k6","10312","True","0","42.797","70.051","15"
"2026-08-17T17:30:39.5804668Z","early_steady","12","12","k6_progress","backend","28188","True","0.258","58.723","65.723","12"
"2026-08-17T17:30:39.5804668Z","early_steady","12","12","k6_progress","k6","10312","True","0.194","42.809","70.051","15"
"2026-08-17T17:30:41.5950763Z","early_steady","12","12","k6_progress","backend","28188","True","0.323","58.723","65.723","12"
"2026-08-17T17:30:41.5950763Z","early_steady","12","12","k6_progress","k6","10312","True","0.323","42.82","70.051","15"
"2026-08-17T17:30:43.6076635Z","early_steady","12","12","k6_progress","backend","28188","True","0.194","58.598","65.969","12"
"2026-08-17T17:30:43.6076635Z","early_steady","12","12","k6_progress","k6","10312","True","0.065","42.828","70.051","15"
"2026-08-17T17:30:45.6199512Z","early_steady","12","12","k6_progress","backend","28188","True","0.129","58.598","65.969","12"
"2026-08-17T17:30:45.6199512Z","early_steady","12","12","k6_progress","k6","10312","True","0.194","42.828","70.051","15"
"2026-08-17T17:30:47.6297865Z","early_steady","12","12","k6_progress","backend","28188","True","0.065","58.598","65.969","12"
"2026-08-17T17:30:47.6297865Z","early_steady","12","12","k6_progress","k6","10312","True","0","42.828","70.051","15"
"2026-08-17T17:30:49.6297782Z","early_steady","12","12","k6_progress","backend","28188","True","0.195","58.672","66.555","12"
"2026-08-17T17:30:49.6297782Z","early_steady","12","12","k6_progress","k6","10312","True","0.13","42.828","70.051","15"
"2026-08-17T17:30:51.6467724Z","early_steady","12","12","k6_progress","backend","28188","True","0.194","58.672","66.555","12"
"2026-08-17T17:30:51.6467724Z","early_steady","12","12","k6_progress","k6","10312","True","0.065","42.875","70.051","15"
"2026-08-17T17:30:53.6594165Z","early_steady","12","12","k6_progress","backend","28188","True","0.194","58.672","66.555","12"
"2026-08-17T17:30:53.6594165Z","early_steady","12","12","k6_progress","k6","10312","True","0","42.988","70.051","15"
"2026-08-17T17:30:55.6678202Z","early_steady","12","12","k6_progress","backend","28188","True","0.13","58.793","65.742","12"
"2026-08-17T17:30:55.6678202Z","early_steady","12","12","k6_progress","k6","10312","True","0.259","43.043","70.051","15"
"2026-08-17T17:30:57.6693376Z","early_steady","12","12","k6_progress","backend","28188","True","0.065","58.793","65.742","12"
"2026-08-17T17:30:57.6693376Z","early_steady","12","12","k6_progress","k6","10312","True","0.13","43.043","70.051","15"
"2026-08-17T17:30:59.6730235Z","early_steady","12","12","k6_progress","backend","28188","True","0","58.793","65.742","12"
"2026-08-17T17:30:59.6730235Z","early_steady","12","12","k6_progress","k6","10312","True","0.13","43.051","70.051","15"
"2026-08-17T17:31:01.6814511Z","early_steady","12","12","k6_progress","backend","28188","True","0.194","58.527","65.738","12"
"2026-08-17T17:31:01.6814511Z","early_steady","12","12","k6_progress","k6","10312","True","0.13","43.051","70.051","15"
"2026-08-17T17:31:03.6992709Z","early_steady","12","12","k6_progress","backend","28188","True","0.065","58.539","65.75","12"
"2026-08-17T17:31:03.6992709Z","early_steady","12","12","k6_progress","k6","10312","True","0.194","43.137","70.105","15"
"2026-08-17T17:31:05.7006407Z","early_steady","12","12","k6_progress","backend","28188","True","0.195","58.664","65.75","12"
"2026-08-17T17:31:05.7006407Z","early_steady","12","12","k6_progress","k6","10312","True","0","43.137","70.105","15"
"2026-08-17T17:31:07.7087103Z","middle_steady","12","12","k6_progress","backend","28188","True","0.065","58.676","65.762","12"
"2026-08-17T17:31:07.7087103Z","middle_steady","12","12","k6_progress","k6","10312","True","0.065","43.258","70.172","17"
"2026-08-17T17:31:09.7245945Z","middle_steady","12","12","k6_progress","backend","28188","True","0.258","58.875","65.762","12"
"2026-08-17T17:31:09.7245945Z","middle_steady","12","12","k6_progress","k6","10312","True","0.258","43.258","70.172","17"
"2026-08-17T17:31:11.7421996Z","middle_steady","12","12","k6_progress","backend","28188","True","0.129","58.875","65.762","12"
"2026-08-17T17:31:11.7421996Z","middle_steady","12","12","k6_progress","k6","10312","True","0.129","43.258","70.172","17"
"2026-08-17T17:31:13.7492747Z","middle_steady","12","12","k6_progress","backend","28188","True","0.065","58.867","66.004","12"
"2026-08-17T17:31:13.7492747Z","middle_steady","12","12","k6_progress","k6","10312","True","0.065","43.285","70.172","17"
"2026-08-17T17:31:15.7528254Z","middle_steady","12","12","k6_progress","backend","28188","True","0.13","58.746","65.598","12"
"2026-08-17T17:31:15.7528254Z","middle_steady","12","12","k6_progress","k6","10312","True","0.195","43.285","70.172","17"
"2026-08-17T17:31:17.7714002Z","middle_steady","12","12","k6_progress","backend","28188","True","0.065","58.754","65.605","12"
"2026-08-17T17:31:17.7714002Z","middle_steady","12","12","k6_progress","k6","10312","True","0.323","43.293","70.172","17"
"2026-08-17T17:31:19.7860544Z","middle_steady","12","12","k6_progress","backend","28188","True","0.194","58.812","65.637","12"
"2026-08-17T17:31:19.7860544Z","middle_steady","12","12","k6_progress","k6","10312","True","0.065","43.293","70.172","17"
"2026-08-17T17:31:21.8039599Z","middle_steady","12","12","k6_progress","backend","28188","True","0.065","58.812","65.637","12"
"2026-08-17T17:31:21.8039599Z","middle_steady","12","12","k6_progress","k6","10312","True","0.065","43.297","70.172","17"
"2026-08-17T17:31:23.8052999Z","middle_steady","12","12","k6_progress","backend","28188","True","0.195","58.793","66.133","12"
"2026-08-17T17:31:23.8052999Z","middle_steady","12","12","k6_progress","k6","10312","True","0.13","43.301","70.172","17"
"2026-08-17T17:31:25.8075603Z","middle_steady","12","12","k6_progress","backend","28188","True","0.26","58.766","66.125","12"
"2026-08-17T17:31:25.8075603Z","middle_steady","12","12","k6_progress","k6","10312","True","0","43.301","70.172","17"
"2026-08-17T17:31:27.8106817Z","middle_steady","12","12","k6_progress","backend","28188","True","0.065","58.711","65.508","12"
"2026-08-17T17:31:27.8106817Z","middle_steady","12","12","k6_progress","k6","10312","True","0.26","43.301","70.172","17"
"2026-08-17T17:31:29.8184444Z","middle_steady","12","12","k6_progress","backend","28188","True","0","58.711","65.508","12"
"2026-08-17T17:31:29.8184444Z","middle_steady","12","12","k6_progress","k6","10312","True","0","43.301","70.172","17"
"2026-08-17T17:31:31.8279253Z","middle_steady","12","12","k6_progress","backend","28188","True","0.389","58.711","65.508","12"
"2026-08-17T17:31:31.8279253Z","middle_steady","12","12","k6_progress","k6","10312","True","0.194","43.301","70.172","17"
"2026-08-17T17:31:33.8488509Z","middle_steady","12","12","k6_progress","backend","28188","True","0.193","58.711","65.508","12"
"2026-08-17T17:31:33.8488509Z","middle_steady","12","12","k6_progress","k6","10312","True","0.064","43.301","70.172","17"
"2026-08-17T17:31:35.8630055Z","middle_steady","12","12","k6_progress","backend","28188","True","0.065","58.781","65.668","12"
"2026-08-17T17:31:35.8630055Z","middle_steady","12","12","k6_progress","k6","10312","True","0","43.301","70.172","17"
"2026-08-17T17:31:37.8797972Z","middle_steady","12","12","k6_progress","backend","28188","True","0.258","58.781","65.668","12"
"2026-08-17T17:31:37.8797972Z","middle_steady","12","12","k6_progress","k6","10312","True","0","43.312","70.172","17"
"2026-08-17T17:31:39.8852984Z","middle_steady","12","12","k6_progress","backend","28188","True","0.195","58.781","65.668","12"
"2026-08-17T17:31:39.8852984Z","middle_steady","12","12","k6_progress","k6","10312","True","0.065","43.312","70.172","17"
"2026-08-17T17:31:41.9135528Z","middle_steady","12","12","k6_progress","backend","28188","True","0","58.781","65.668","12"
"2026-08-17T17:31:41.9135528Z","middle_steady","12","12","k6_progress","k6","10312","True","0.128","43.312","70.172","17"
"2026-08-17T17:31:43.9271143Z","middle_steady","12","12","k6_progress","backend","28188","True","0.323","58.91","65.789","12"
"2026-08-17T17:31:43.9271143Z","middle_steady","12","12","k6_progress","k6","10312","True","0.129","43.324","70.172","17"
"2026-08-17T17:31:45.9453860Z","middle_steady","12","12","k6_progress","backend","28188","True","0.065","58.91","65.789","12"
"2026-08-17T17:31:45.9453860Z","middle_steady","12","12","k6_progress","k6","10312","True","0.194","43.488","70.297","17"
"2026-08-17T17:31:47.9523978Z","middle_steady","12","12","k6_progress","backend","28188","True","0.13","58.91","65.789","12"
"2026-08-17T17:31:47.9523978Z","middle_steady","12","12","k6_progress","k6","10312","True","0","44.008","70.812","17"
"2026-08-17T17:31:49.9639314Z","middle_steady","12","12","k6_progress","backend","28188","True","0.324","58.91","65.789","12"
"2026-08-17T17:31:49.9639314Z","middle_steady","12","12","k6_progress","k6","10312","True","0.065","44.027","70.82","17"
"2026-08-17T17:31:51.9717030Z","middle_steady","12","12","k6_progress","backend","28188","True","0.259","58.863","66.613","12"
"2026-08-17T17:31:51.9717030Z","middle_steady","12","12","k6_progress","k6","10312","True","0.13","43.852","70.586","17"
"2026-08-17T17:31:53.9773925Z","middle_steady","12","12","k6_progress","backend","28188","True","0.13","59.105","66.758","12"
"2026-08-17T17:31:53.9773925Z","middle_steady","12","12","k6_progress","k6","10312","True","0","43.871","70.586","17"
"2026-08-17T17:31:55.9943134Z","middle_steady","12","12","k6_progress","backend","28188","True","0.129","58.699","65.508","12"
"2026-08-17T17:31:55.9943134Z","middle_steady","12","12","k6_progress","k6","10312","True","0.129","43.871","70.586","17"
"2026-08-17T17:31:58.0099018Z","middle_steady","12","12","k6_progress","backend","28188","True","0.194","58.953","66.484","12"
"2026-08-17T17:31:58.0099018Z","middle_steady","12","12","k6_progress","k6","10312","True","0.258","43.875","70.586","17"
"2026-08-17T17:32:00.0128602Z","middle_steady","12","12","k6_progress","backend","28188","True","0.065","58.961","66.492","12"
"2026-08-17T17:32:00.0128602Z","middle_steady","12","12","k6_progress","k6","10312","True","0","43.875","70.586","17"
"2026-08-17T17:32:02.0239161Z","middle_steady","12","12","k6_progress","backend","28188","True","0.194","58.965","66.492","12"
"2026-08-17T17:32:02.0239161Z","middle_steady","12","12","k6_progress","k6","10312","True","0.388","43.91","70.617","17"
"2026-08-17T17:32:04.0253401Z","middle_steady","12","12","k6_progress","backend","28188","True","0.13","58.973","66.5","12"
"2026-08-17T17:32:04.0253401Z","middle_steady","12","12","k6_progress","k6","10312","True","0.065","43.91","70.617","17"
"2026-08-17T17:32:06.0303419Z","middle_steady","12","12","k6_progress","backend","28188","True","0.26","59.133","66.77","12"
"2026-08-17T17:32:06.0303419Z","middle_steady","12","12","k6_progress","k6","10312","True","0.13","43.91","70.617","17"
"2026-08-17T17:32:08.0368089Z","middle_steady","12","12","k6_progress","backend","28188","True","0.195","59.16","66.773","12"
"2026-08-17T17:32:08.0368089Z","middle_steady","12","12","k6_progress","k6","10312","True","0.195","43.914","70.617","17"
"2026-08-17T17:32:10.0442499Z","middle_steady","12","12","k6_progress","backend","28188","True","0.065","59.164","66.777","12"
"2026-08-17T17:32:10.0442499Z","middle_steady","12","12","k6_progress","k6","10312","True","0.065","43.914","70.617","17"
"2026-08-17T17:32:12.0586811Z","middle_steady","12","12","k6_progress","backend","28188","True","0.065","59.164","66.777","12"
"2026-08-17T17:32:12.0586811Z","middle_steady","12","12","k6_progress","k6","10312","True","0.194","43.914","70.617","17"
"2026-08-17T17:32:14.0729612Z","middle_steady","12","12","k6_progress","backend","28188","True","0.388","59.164","66.777","12"
"2026-08-17T17:32:14.0729612Z","middle_steady","12","12","k6_progress","k6","10312","True","0.194","43.918","70.617","17"
"2026-08-17T17:32:16.0860406Z","middle_steady","12","12","k6_progress","backend","28188","True","0","59.164","66.777","12"
"2026-08-17T17:32:16.0860406Z","middle_steady","12","12","k6_progress","k6","10312","True","0.194","43.922","70.617","17"
"2026-08-17T17:32:18.0900479Z","middle_steady","12","12","k6_progress","backend","28188","True","0.195","59.164","66.777","12"
"2026-08-17T17:32:18.0900479Z","middle_steady","12","12","k6_progress","k6","10312","True","0","43.922","70.617","17"
"2026-08-17T17:32:20.0923755Z","middle_steady","12","12","k6_progress","backend","28188","True","0.065","59.164","66.777","12"
"2026-08-17T17:32:20.0923755Z","middle_steady","12","12","k6_progress","k6","10312","True","0","43.617","70.305","17"
"2026-08-17T17:32:22.1059496Z","middle_steady","12","12","k6_progress","backend","28188","True","0.065","59.164","66.777","12"
"2026-08-17T17:32:22.1059496Z","middle_steady","12","12","k6_progress","k6","10312","True","0","43.617","70.305","17"
"2026-08-17T17:32:24.1190091Z","middle_steady","12","12","k6_progress","backend","28188","True","0.323","59.164","66.777","12"
"2026-08-17T17:32:24.1190091Z","middle_steady","12","12","k6_progress","k6","10312","True","0","43.621","70.305","17"
"2026-08-17T17:32:26.1231492Z","middle_steady","12","12","k6_progress","backend","28188","True","0.26","58.949","66.516","12"
"2026-08-17T17:32:26.1231492Z","middle_steady","12","12","k6_progress","k6","10312","True","0.325","43.625","70.305","17"
"2026-08-17T17:32:28.1263638Z","middle_steady","12","12","k6_progress","backend","28188","True","0.325","58.949","66.516","12"
"2026-08-17T17:32:28.1263638Z","middle_steady","12","12","k6_progress","k6","10312","True","0","43.625","70.305","17"
"2026-08-17T17:32:30.1346554Z","middle_steady","12","12","k6_progress","backend","28188","True","0.259","58.824","65.605","12"
"2026-08-17T17:32:30.1346554Z","middle_steady","12","12","k6_progress","k6","10312","True","0.195","43.629","70.305","17"
"2026-08-17T17:32:32.1467006Z","middle_steady","12","12","k6_progress","backend","28188","True","0.129","58.844","65.625","12"
"2026-08-17T17:32:32.1467006Z","middle_steady","12","12","k6_progress","k6","10312","True","0","43.633","70.305","17"
"2026-08-17T17:32:34.1536139Z","middle_steady","12","12","k6_progress","backend","28188","True","0","58.844","65.625","12"
"2026-08-17T17:32:34.1536139Z","middle_steady","12","12","k6_progress","k6","10312","True","0.13","43.633","70.305","17"
"2026-08-17T17:32:36.1634972Z","middle_steady","12","12","k6_progress","backend","28188","True","0.324","58.844","65.625","12"
"2026-08-17T17:32:36.1634972Z","middle_steady","12","12","k6_progress","k6","10312","True","0.324","43.637","70.305","17"
"2026-08-17T17:32:38.1767332Z","middle_steady","12","12","k6_progress","backend","28188","True","0.453","58.957","65.793","12"
"2026-08-17T17:32:38.1767332Z","middle_steady","12","12","k6_progress","k6","10312","True","0","43.641","70.305","17"
"2026-08-17T17:32:40.1827121Z","middle_steady","12","12","k6_progress","backend","28188","True","0.195","58.871","65.703","12"
"2026-08-17T17:32:40.1827121Z","middle_steady","12","12","k6_progress","k6","10312","True","0.065","43.641","70.305","17"
"2026-08-17T17:32:42.1974851Z","middle_steady","12","12","k6_progress","backend","28188","True","0.194","58.871","65.715","12"
"2026-08-17T17:32:42.1974851Z","middle_steady","12","12","k6_progress","k6","10312","True","0.323","43.641","70.305","17"
"2026-08-17T17:32:44.1986272Z","middle_steady","12","12","k6_progress","backend","28188","True","0.13","58.871","65.715","12"
"2026-08-17T17:32:44.1986272Z","middle_steady","12","12","k6_progress","k6","10312","True","0.065","43.641","70.305","17"
"2026-08-17T17:32:46.2054641Z","middle_steady","12","12","k6_progress","backend","28188","True","0.065","58.871","65.715","12"
"2026-08-17T17:32:46.2054641Z","middle_steady","12","12","k6_progress","k6","10312","True","0.324","43.641","70.305","17"
"2026-08-17T17:32:48.2270124Z","middle_steady","12","12","k6_progress","backend","28188","True","0.193","59.156","65.977","12"
"2026-08-17T17:32:48.2270124Z","middle_steady","12","12","k6_progress","k6","10312","True","0.386","43.613","70.238","15"
"2026-08-17T17:32:50.2408901Z","middle_steady","12","12","k6_progress","backend","28188","True","0.388","59.496","66.988","12"
"2026-08-17T17:32:50.2408901Z","middle_steady","12","12","k6_progress","k6","10312","True","0.129","43.629","70.238","15"
"2026-08-17T17:32:52.2562152Z","middle_steady","12","12","k6_progress","backend","28188","True","1.098","59.484","66.41","12"
"2026-08-17T17:32:52.2562152Z","middle_steady","12","12","k6_progress","k6","10312","True","0.065","43.629","70.238","15"
"2026-08-17T17:32:54.2639365Z","middle_steady","12","12","k6_progress","backend","28188","True","0.13","59.176","66.012","12"
"2026-08-17T17:32:54.2639365Z","middle_steady","12","12","k6_progress","k6","10312","True","0.065","43.637","70.238","15"
"2026-08-17T17:32:56.2833773Z","middle_steady","12","12","k6_progress","backend","28188","True","0.193","59.176","66.012","12"
"2026-08-17T17:32:56.2833773Z","middle_steady","12","12","k6_progress","k6","10312","True","0.193","43.637","70.238","15"
"2026-08-17T17:32:58.2964736Z","middle_steady","12","12","k6_progress","backend","28188","True","0.194","59.176","66.012","12"
"2026-08-17T17:32:58.2964736Z","middle_steady","12","12","k6_progress","k6","10312","True","0.711","43.652","70.238","15"
"2026-08-17T17:33:00.3025379Z","middle_steady","12","12","k6_progress","backend","28188","True","0.26","59.129","65.969","12"
"2026-08-17T17:33:00.3025379Z","middle_steady","12","12","k6_progress","k6","10312","True","0.26","43.656","70.238","15"
"2026-08-17T17:33:02.3153419Z","middle_steady","12","12","k6_progress","backend","28188","True","0.323","59.129","65.969","12"
"2026-08-17T17:33:02.3153419Z","middle_steady","12","12","k6_progress","k6","10312","True","0.194","43.656","70.238","15"
"2026-08-17T17:33:04.3191481Z","middle_steady","12","12","k6_progress","backend","28188","True","0.26","59.129","65.969","12"
"2026-08-17T17:33:04.3191481Z","middle_steady","12","12","k6_progress","k6","10312","True","0","43.656","70.238","15"
"2026-08-17T17:33:06.3421885Z","middle_steady","12","12","k6_progress","backend","28188","True","0.579","59.129","65.969","12"
"2026-08-17T17:33:06.3421885Z","middle_steady","12","12","k6_progress","k6","10312","True","0.129","43.656","70.238","15"
"2026-08-17T17:33:08.3445907Z","middle_steady","12","12","k6_progress","backend","28188","True","0.195","59.129","65.969","12"
"2026-08-17T17:33:08.3445907Z","middle_steady","12","12","k6_progress","k6","10312","True","0.13","43.656","70.238","15"
"2026-08-17T17:33:10.3542345Z","middle_steady","12","12","k6_progress","backend","28188","True","0.065","59.129","65.969","12"
"2026-08-17T17:33:10.3542345Z","middle_steady","12","12","k6_progress","k6","10312","True","0.13","43.656","70.238","15"
"2026-08-17T17:33:12.3631097Z","middle_steady","12","12","k6_progress","backend","28188","True","0.324","59.129","65.969","12"
"2026-08-17T17:33:12.3631097Z","middle_steady","12","12","k6_progress","k6","10312","True","0","43.664","70.238","15"
"2026-08-17T17:33:14.3761645Z","middle_steady","12","12","k6_progress","backend","28188","True","0.259","59.129","65.969","12"
"2026-08-17T17:33:14.3761645Z","middle_steady","12","12","k6_progress","k6","10312","True","0","43.664","70.238","15"
"2026-08-17T17:33:16.3851306Z","middle_steady","12","12","k6_progress","backend","28188","True","0.13","59.129","65.969","12"
"2026-08-17T17:33:16.3851306Z","middle_steady","12","12","k6_progress","k6","10312","True","0.065","43.672","70.238","15"
"2026-08-17T17:33:18.3884173Z","middle_steady","12","12","k6_progress","backend","28188","True","0.26","59.629","66.766","12"
"2026-08-17T17:33:18.3884173Z","middle_steady","12","12","k6_progress","k6","10312","True","0","43.672","70.238","15"
"2026-08-17T17:33:20.4031798Z","middle_steady","12","12","k6_progress","backend","28188","True","0.065","59.141","66.188","12"
"2026-08-17T17:33:20.4031798Z","middle_steady","12","12","k6_progress","k6","10312","True","0","43.672","70.238","15"
"2026-08-17T17:33:22.4277978Z","middle_steady","12","12","k6_progress","backend","28188","True","0.257","59.141","66.188","12"
"2026-08-17T17:33:22.4277978Z","middle_steady","12","12","k6_progress","k6","10312","True","0.193","43.676","70.238","15"
"2026-08-17T17:33:24.4404684Z","middle_steady","12","12","k6_progress","backend","28188","True","0.065","59.141","66.188","12"
"2026-08-17T17:33:24.4404684Z","middle_steady","12","12","k6_progress","k6","10312","True","0","43.676","70.238","15"
"2026-08-17T17:33:26.4578477Z","middle_steady","12","12","k6_progress","backend","28188","True","0.194","59.141","66.188","12"
"2026-08-17T17:33:26.4578477Z","middle_steady","12","12","k6_progress","k6","10312","True","0.387","43.676","70.238","15"
"2026-08-17T17:33:28.4733971Z","middle_steady","12","12","k6_progress","backend","28188","True","0.323","59.141","66.188","12"
"2026-08-17T17:33:28.4733971Z","middle_steady","12","12","k6_progress","k6","10312","True","0","43.676","70.238","15"
"2026-08-17T17:33:30.4865862Z","middle_steady","12","12","k6_progress","backend","28188","True","0.323","59.188","66.266","14"
"2026-08-17T17:33:30.4865862Z","middle_steady","12","12","k6_progress","k6","10312","True","0.129","43.676","70.238","15"
"2026-08-17T17:33:32.4898200Z","middle_steady","12","12","k6_progress","backend","28188","True","0.065","59.188","66.266","14"
"2026-08-17T17:33:32.4898200Z","middle_steady","12","12","k6_progress","k6","10312","True","0","43.676","70.238","15"
"2026-08-17T17:33:34.5017190Z","middle_steady","12","12","k6_progress","backend","28188","True","0.129","59.188","66.266","14"
"2026-08-17T17:33:34.5017190Z","middle_steady","12","12","k6_progress","k6","10312","True","0","43.676","70.238","15"
"2026-08-17T17:33:36.5112883Z","middle_steady","12","12","k6_progress","backend","28188","True","0.065","59.188","66.266","14"
"2026-08-17T17:33:36.5112883Z","middle_steady","12","12","k6_progress","k6","10312","True","0.065","43.676","70.238","15"
"2026-08-17T17:33:38.5160519Z","middle_steady","12","12","k6_progress","backend","28188","True","0.13","58.895","65.836","14"
"2026-08-17T17:33:38.5160519Z","middle_steady","12","12","k6_progress","k6","10312","True","0.39","43.676","70.238","15"
"2026-08-17T17:33:40.5171399Z","middle_steady","12","12","k6_progress","backend","28188","True","0.26","58.895","65.836","14"
"2026-08-17T17:33:40.5171399Z","middle_steady","12","12","k6_progress","k6","10312","True","0.065","43.684","70.488","15"
"2026-08-17T17:33:42.5256254Z","middle_steady","12","12","k6_progress","backend","28188","True","0.259","59.094","66.219","14"
"2026-08-17T17:33:42.5256254Z","middle_steady","12","12","k6_progress","k6","10312","True","0.13","43.695","70.488","15"
"2026-08-17T17:33:44.5517914Z","middle_steady","12","12","k6_progress","backend","28188","True","0.129","59.094","66.219","14"
"2026-08-17T17:33:44.5517914Z","middle_steady","12","12","k6_progress","k6","10312","True","0","43.699","70.488","15"
"2026-08-17T17:33:46.5649642Z","middle_steady","12","12","k6_progress","backend","28188","True","0.129","59.094","66.219","14"
"2026-08-17T17:33:46.5649642Z","middle_steady","12","12","k6_progress","k6","10312","True","0","43.699","70.488","15"
"2026-08-17T17:33:48.5769670Z","middle_steady","12","12","k6_progress","backend","28188","True","0.194","59.094","66.219","14"
"2026-08-17T17:33:48.5769670Z","middle_steady","12","12","k6_progress","k6","10312","True","0.388","43.711","70.496","15"
"2026-08-17T17:33:50.5858309Z","middle_steady","12","12","k6_progress","backend","28188","True","0.13","59.094","66.219","14"
"2026-08-17T17:33:50.5858309Z","middle_steady","12","12","k6_progress","k6","10312","True","0","43.711","70.496","15"
"2026-08-17T17:33:52.5954638Z","middle_steady","12","12","k6_progress","backend","28188","True","0.194","59.094","66.219","14"
"2026-08-17T17:33:52.5954638Z","middle_steady","12","12","k6_progress","k6","10312","True","0.065","43.719","70.496","15"
"2026-08-17T17:33:54.6041600Z","middle_steady","12","12","k6_progress","backend","28188","True","0.389","59.25","66.383","14"
"2026-08-17T17:33:54.6041600Z","middle_steady","12","12","k6_progress","k6","10312","True","0.259","43.723","70.496","15"
"2026-08-17T17:33:56.6095823Z","middle_steady","12","12","k6_progress","backend","28188","True","0.26","59.25","66.383","14"
"2026-08-17T17:33:56.6095823Z","middle_steady","12","12","k6_progress","k6","10312","True","0.195","43.723","70.496","15"
"2026-08-17T17:33:58.6199660Z","middle_steady","12","12","k6_progress","backend","28188","True","0.065","59.25","66.383","14"
"2026-08-17T17:33:58.6199660Z","middle_steady","12","12","k6_progress","k6","10312","True","0.065","43.723","70.496","15"
"2026-08-17T17:34:00.6301856Z","middle_steady","12","12","k6_progress","backend","28188","True","0.259","59.074","66.34","14"
"2026-08-17T17:34:00.6301856Z","middle_steady","12","12","k6_progress","k6","10312","True","0","43.727","70.496","15"
"2026-08-17T17:34:02.6453772Z","middle_steady","12","12","k6_progress","backend","28188","True","0.388","59.074","66.34","14"
"2026-08-17T17:34:02.6453772Z","middle_steady","12","12","k6_progress","k6","10312","True","0.065","43.727","70.496","15"
"2026-08-17T17:34:04.6511676Z","middle_steady","12","12","k6_progress","backend","28188","True","0.065","59.074","66.34","14"
"2026-08-17T17:34:04.6511676Z","middle_steady","12","12","k6_progress","k6","10312","True","0.195","43.73","70.496","15"
"2026-08-17T17:34:06.6618313Z","middle_steady","12","12","k6_progress","backend","28188","True","0.065","59.074","66.34","14"
"2026-08-17T17:34:06.6618313Z","middle_steady","12","12","k6_progress","k6","10312","True","0","43.73","70.496","15"
"2026-08-17T17:34:08.6672918Z","middle_steady","12","12","k6_progress","backend","28188","True","0.065","59.074","66.34","14"
"2026-08-17T17:34:08.6672918Z","middle_steady","12","12","k6_progress","k6","10312","True","0.065","43.73","70.496","15"
"2026-08-17T17:34:10.6790904Z","middle_steady","12","12","k6_progress","backend","28188","True","0.453","59.258","67.895","14"
"2026-08-17T17:34:10.6790904Z","middle_steady","12","12","k6_progress","k6","10312","True","0.194","43.734","70.496","15"
"2026-08-17T17:34:12.6830246Z","middle_steady","12","12","k6_progress","backend","28188","True","0.13","59.332","67.918","14"
"2026-08-17T17:34:12.6830246Z","middle_steady","12","12","k6_progress","k6","10312","True","0.065","43.738","70.496","15"
"2026-08-17T17:34:14.7056519Z","middle_steady","12","12","k6_progress","backend","28188","True","0.386","59.332","67.918","14"
"2026-08-17T17:34:14.7056519Z","middle_steady","12","12","k6_progress","k6","10312","True","0.193","43.738","70.496","15"
"2026-08-17T17:34:16.7236492Z","middle_steady","12","12","k6_progress","backend","28188","True","0.194","59.344","67.918","14"
"2026-08-17T17:34:16.7236492Z","middle_steady","12","12","k6_progress","k6","10312","True","0.065","43.742","70.496","15"
"2026-08-17T17:34:18.7433470Z","middle_steady","12","12","k6_progress","backend","28188","True","0.387","59.344","67.918","14"
"2026-08-17T17:34:18.7433470Z","middle_steady","12","12","k6_progress","k6","10312","True","0.193","43.746","70.496","15"
"2026-08-17T17:34:20.7573152Z","middle_steady","12","12","k6_progress","backend","28188","True","0.129","59.344","67.918","14"
"2026-08-17T17:34:20.7573152Z","middle_steady","12","12","k6_progress","k6","10312","True","0","43.746","70.496","15"
"2026-08-17T17:34:22.7637259Z","middle_steady","12","12","k6_progress","backend","28188","True","0.13","59.344","67.918","14"
"2026-08-17T17:34:22.7637259Z","middle_steady","12","12","k6_progress","k6","10312","True","0","43.82","70.566","15"
"2026-08-17T17:34:24.7712783Z","middle_steady","12","12","k6_progress","backend","28188","True","0.13","59.344","67.918","14"
"2026-08-17T17:34:24.7712783Z","middle_steady","12","12","k6_progress","k6","10312","True","0.065","43.82","70.566","15"
"2026-08-17T17:34:26.7758575Z","middle_steady","12","12","k6_progress","backend","28188","True","0.325","59.344","67.918","14"
"2026-08-17T17:34:26.7758575Z","middle_steady","12","12","k6_progress","k6","10312","True","0.195","43.82","70.566","15"
"2026-08-17T17:34:28.7780993Z","middle_steady","12","12","k6_progress","backend","28188","True","0.325","59.344","67.918","14"
"2026-08-17T17:34:28.7780993Z","middle_steady","12","12","k6_progress","k6","10312","True","0.195","43.977","70.723","15"
"2026-08-17T17:34:30.7878091Z","middle_steady","12","12","k6_progress","backend","28188","True","0.194","59.344","67.93","14"
"2026-08-17T17:34:30.7878091Z","middle_steady","12","12","k6_progress","k6","10312","True","0","43.977","70.723","15"
"2026-08-17T17:34:32.7894206Z","middle_steady","12","12","k6_progress","backend","28188","True","0.585","59.266","66.281","14"
"2026-08-17T17:34:32.7894206Z","middle_steady","12","12","k6_progress","k6","10312","True","0.716","43.98","70.723","15"
"2026-08-17T17:34:34.7942379Z","middle_steady","12","12","k6_progress","backend","28188","True","0.13","59.297","66.312","14"
"2026-08-17T17:34:34.7942379Z","middle_steady","12","12","k6_progress","k6","10312","True","0","43.98","70.723","15"
"2026-08-17T17:34:36.7980961Z","middle_steady","12","12","k6_progress","backend","28188","True","0.065","59.301","66.316","14"
"2026-08-17T17:34:36.7980961Z","middle_steady","12","12","k6_progress","k6","10312","True","0","43.98","70.723","15"
"2026-08-17T17:34:38.8166662Z","middle_steady","12","12","k6_progress","backend","28188","True","0.194","59.301","66.316","14"
"2026-08-17T17:34:38.8166662Z","middle_steady","12","12","k6_progress","k6","10312","True","0.065","43.98","70.723","15"
"2026-08-17T17:34:40.8318643Z","middle_steady","12","12","k6_progress","backend","28188","True","0.194","59.27","66.594","12"
"2026-08-17T17:34:40.8318643Z","middle_steady","12","12","k6_progress","k6","10312","True","0","43.98","70.723","15"
"2026-08-17T17:34:42.8427970Z","middle_steady","12","12","k6_progress","backend","28188","True","0.13","59.27","66.594","12"
"2026-08-17T17:34:42.8427970Z","middle_steady","12","12","k6_progress","k6","10312","True","0","43.98","70.723","15"
"2026-08-17T17:34:44.8538355Z","middle_steady","12","12","k6_progress","backend","28188","True","0.324","59.277","66.223","12"
"2026-08-17T17:34:44.8538355Z","middle_steady","12","12","k6_progress","k6","10312","True","0","43.98","70.723","15"
"2026-08-17T17:34:46.8616320Z","middle_steady","12","12","k6_progress","backend","28188","True","0.519","59.254","66.223","12"
"2026-08-17T17:34:46.8616320Z","middle_steady","12","12","k6_progress","k6","10312","True","0.065","43.98","70.723","15"
"2026-08-17T17:34:48.8793155Z","middle_steady","12","12","k6_progress","backend","28188","True","0.194","59.254","66.223","12"
"2026-08-17T17:34:48.8793155Z","middle_steady","12","12","k6_progress","k6","10312","True","0","43.984","70.723","15"
"2026-08-17T17:34:50.8877019Z","middle_steady","12","12","k6_progress","backend","28188","True","0.194","59.258","66.227","12"
"2026-08-17T17:34:50.8877019Z","middle_steady","12","12","k6_progress","k6","10312","True","0.065","43.984","70.723","15"
"2026-08-17T17:34:52.9114316Z","middle_steady","12","12","k6_progress","backend","28188","True","0.257","59.258","66.227","12"
"2026-08-17T17:34:52.9114316Z","middle_steady","12","12","k6_progress","k6","10312","True","0","43.992","70.723","15"
"2026-08-17T17:34:54.9231511Z","middle_steady","12","12","k6_progress","backend","28188","True","0.129","59.316","66.301","12"
"2026-08-17T17:34:54.9231511Z","middle_steady","12","12","k6_progress","k6","10312","True","0.129","44","70.723","15"
"2026-08-17T17:34:56.9327128Z","middle_steady","12","12","k6_progress","backend","28188","True","0.259","59.234","66.191","12"
"2026-08-17T17:34:56.9327128Z","middle_steady","12","12","k6_progress","k6","10312","True","0.065","44","70.723","15"
"2026-08-17T17:34:58.9391191Z","middle_steady","12","12","k6_progress","backend","28188","True","0.13","59.234","66.191","12"
"2026-08-17T17:34:58.9391191Z","middle_steady","12","12","k6_progress","k6","10312","True","0.065","44","70.723","15"
"2026-08-17T17:35:00.9555873Z","middle_steady","12","12","k6_progress","backend","28188","True","0.323","59.238","66.195","12"
"2026-08-17T17:35:00.9555873Z","middle_steady","12","12","k6_progress","k6","10312","True","0.387","44","70.723","15"
"2026-08-17T17:35:02.9739901Z","middle_steady","12","12","k6_progress","backend","28188","True","0.323","59.238","66.195","12"
"2026-08-17T17:35:02.9739901Z","middle_steady","12","12","k6_progress","k6","10312","True","0","44","70.723","15"
"2026-08-17T17:35:04.9887694Z","middle_steady","12","12","k6_progress","backend","28188","True","0.259","59.379","66.801","12"
"2026-08-17T17:35:04.9887694Z","middle_steady","12","12","k6_progress","k6","10312","True","0.194","44","70.723","15"
"2026-08-17T17:35:06.9996355Z","late_steady","12","12","k6_progress","backend","28188","True","0.259","59.398","66.816","12"
"2026-08-17T17:35:06.9996355Z","late_steady","12","12","k6_progress","k6","10312","True","0.065","44.051","70.723","15"
"2026-08-17T17:35:09.0036013Z","late_steady","12","12","k6_progress","backend","28188","True","0.195","59.398","66.816","12"
"2026-08-17T17:35:09.0036013Z","late_steady","12","12","k6_progress","k6","10312","True","0.065","44.051","70.723","15"
"2026-08-17T17:35:11.0164760Z","late_steady","12","12","k6_progress","backend","28188","True","0.259","59.398","66.816","12"
"2026-08-17T17:35:11.0164760Z","late_steady","12","12","k6_progress","k6","10312","True","0.065","44.051","70.723","15"
"2026-08-17T17:35:13.0254700Z","late_steady","12","12","k6_progress","backend","28188","True","0.324","59.523","67.074","12"
"2026-08-17T17:35:13.0254700Z","late_steady","12","12","k6_progress","k6","10312","True","0.065","44.051","70.723","15"
"2026-08-17T17:35:15.0317425Z","late_steady","12","12","k6_progress","backend","28188","True","0.195","59.77","67.184","12"
"2026-08-17T17:35:15.0317425Z","late_steady","12","12","k6_progress","k6","10312","True","0","44.051","70.723","15"
"2026-08-17T17:35:17.0481474Z","late_steady","12","12","k6_progress","backend","28188","True","0.194","59.77","67.184","12"
"2026-08-17T17:35:17.0481474Z","late_steady","12","12","k6_progress","k6","10312","True","0.129","44.055","70.723","15"
"2026-08-17T17:35:19.0617238Z","late_steady","12","12","k6_progress","backend","28188","True","0","59.77","67.184","12"
"2026-08-17T17:35:19.0617238Z","late_steady","12","12","k6_progress","k6","10312","True","0.065","44.055","70.723","15"
"2026-08-17T17:35:21.0649440Z","late_steady","12","12","k6_progress","backend","28188","True","0.195","59.77","67.184","12"
"2026-08-17T17:35:21.0649440Z","late_steady","12","12","k6_progress","k6","10312","True","0","44.055","70.723","15"
"2026-08-17T17:35:23.0664424Z","late_steady","12","12","k6_progress","backend","28188","True","0.846","49.281","56.609","12"
"2026-08-17T17:35:23.0664424Z","late_steady","12","12","k6_progress","k6","10312","True","0","44.059","70.723","15"
"2026-08-17T17:35:25.0722482Z","late_steady","12","12","k6_progress","backend","28188","True","0.389","50.082","57.648","12"
"2026-08-17T17:35:25.0722482Z","late_steady","12","12","k6_progress","k6","10312","True","0.13","44.059","70.723","15"
"2026-08-17T17:35:27.0792139Z","late_steady","12","12","k6_progress","backend","28188","True","0.26","51.086","58.43","12"
"2026-08-17T17:35:27.0792139Z","late_steady","12","12","k6_progress","k6","10312","True","0.13","44.062","70.723","15"
"2026-08-17T17:35:29.0877267Z","late_steady","12","12","k6_progress","backend","28188","True","0.13","51.211","58.637","12"
"2026-08-17T17:35:29.0877267Z","late_steady","12","12","k6_progress","k6","10312","True","0","44.062","70.723","15"
"2026-08-17T17:35:31.0970165Z","late_steady","12","12","k6_progress","backend","28188","True","0.389","51.496","59.152","12"
"2026-08-17T17:35:31.0970165Z","late_steady","12","12","k6_progress","k6","10312","True","0.454","44.062","70.723","15"
"2026-08-17T17:35:33.1009686Z","late_steady","12","12","k6_progress","backend","28188","True","0.39","51.324","58.324","12"
"2026-08-17T17:35:33.1009686Z","late_steady","12","12","k6_progress","k6","10312","True","0.065","44.066","70.723","15"
"2026-08-17T17:35:35.1117630Z","late_steady","12","12","k6_progress","backend","28188","True","0.324","51.773","59.199","12"
"2026-08-17T17:35:35.1117630Z","late_steady","12","12","k6_progress","k6","10312","True","0","44.07","70.723","15"
"2026-08-17T17:35:37.1261326Z","late_steady","12","12","k6_progress","backend","28188","True","0.194","51.785","59.184","12"
"2026-08-17T17:35:37.1261326Z","late_steady","12","12","k6_progress","k6","10312","True","0","44.074","70.723","15"
"2026-08-17T17:35:39.1343081Z","late_steady","12","12","k6_progress","backend","28188","True","0.13","51.977","59.441","12"
"2026-08-17T17:35:39.1343081Z","late_steady","12","12","k6_progress","k6","10312","True","0","44.074","70.723","15"
"2026-08-17T17:35:41.1417850Z","late_steady","12","12","k6_progress","backend","28188","True","0.519","52.199","59.25","12"
"2026-08-17T17:35:41.1417850Z","late_steady","12","12","k6_progress","k6","10312","True","0.195","44.078","70.723","15"
"2026-08-17T17:35:43.1458442Z","late_steady","12","12","k6_progress","backend","28188","True","0.325","52.301","59.801","12"
"2026-08-17T17:35:43.1458442Z","late_steady","12","12","k6_progress","k6","10312","True","0.13","44.078","70.723","15"
"2026-08-17T17:35:45.1624924Z","late_steady","12","12","k6_progress","backend","28188","True","0.194","52.508","59.801","12"
"2026-08-17T17:35:45.1624924Z","late_steady","12","12","k6_progress","k6","10312","True","0.065","44.078","70.723","15"
"2026-08-17T17:35:47.1776342Z","late_steady","12","12","k6_progress","backend","28188","True","0.065","52.738","59.867","13"
"2026-08-17T17:35:47.1776342Z","late_steady","12","12","k6_progress","k6","10312","True","0.065","44.082","70.723","15"
"2026-08-17T17:35:49.1851884Z","late_steady","12","12","k6_progress","backend","28188","True","0.13","52.926","60.125","13"
"2026-08-17T17:35:49.1851884Z","late_steady","12","12","k6_progress","k6","10312","True","0.065","44.09","70.723","15"
"2026-08-17T17:35:51.2121576Z","late_steady","12","12","k6_progress","backend","28188","True","0","53.102","60.387","13"
"2026-08-17T17:35:51.2121576Z","late_steady","12","12","k6_progress","k6","10312","True","0.128","44.09","70.723","15"
"2026-08-17T17:35:53.2191015Z","late_steady","12","12","k6_progress","backend","28188","True","0.065","53.305","60.387","13"
"2026-08-17T17:35:53.2191015Z","late_steady","12","12","k6_progress","k6","10312","True","0","44.09","70.723","15"
"2026-08-17T17:35:55.2272152Z","late_steady","12","12","k6_progress","backend","28188","True","0.195","53.492","60.641","13"
"2026-08-17T17:35:55.2272152Z","late_steady","12","12","k6_progress","k6","10312","True","0.195","44.094","70.723","15"
"2026-08-17T17:35:57.2288612Z","late_steady","12","12","k6_progress","backend","28188","True","0","53.68","60.898","13"
"2026-08-17T17:35:57.2288612Z","late_steady","12","12","k6_progress","k6","10312","True","0","44.094","70.723","15"
"2026-08-17T17:35:59.2413029Z","late_steady","12","12","k6_progress","backend","28188","True","0.065","53.852","61.152","13"
"2026-08-17T17:35:59.2413029Z","late_steady","12","12","k6_progress","k6","10312","True","0.129","44.094","70.723","15"
"2026-08-17T17:36:01.2475473Z","late_steady","12","12","k6_progress","backend","28188","True","0.389","54.531","61.988","13"
"2026-08-17T17:36:01.2475473Z","late_steady","12","12","k6_progress","k6","10312","True","0.454","44.109","70.723","15"
"2026-08-17T17:36:03.2495885Z","late_steady","12","12","k6_progress","backend","28188","True","0","54.531","61.988","13"
"2026-08-17T17:36:03.2495885Z","late_steady","12","12","k6_progress","k6","10312","True","0.195","44.109","70.723","15"
"2026-08-17T17:36:05.2650011Z","late_steady","12","12","k6_progress","backend","28188","True","0.129","54.926","62.266","13"
"2026-08-17T17:36:05.2650011Z","late_steady","12","12","k6_progress","k6","10312","True","0","44.109","70.723","15"
"2026-08-17T17:36:07.2777189Z","late_steady","12","12","k6_progress","backend","28188","True","0.129","54.777","62.926","13"
"2026-08-17T17:36:07.2777189Z","late_steady","12","12","k6_progress","k6","10312","True","0.194","44.129","70.754","16"
"2026-08-17T17:36:09.2987828Z","late_steady","12","12","k6_progress","backend","28188","True","0.129","55.172","63.191","13"
"2026-08-17T17:36:09.2987828Z","late_steady","12","12","k6_progress","k6","10312","True","0.129","44.129","70.754","16"
"2026-08-17T17:36:11.3127704Z","late_steady","12","12","k6_progress","backend","28188","True","0.194","55.387","63.52","13"
"2026-08-17T17:36:11.3127704Z","late_steady","12","12","k6_progress","k6","10312","True","0.129","44.133","70.754","16"
"2026-08-17T17:36:13.3243720Z","late_steady","12","12","k6_progress","backend","28188","True","0.129","55.652","63.496","13"
"2026-08-17T17:36:13.3243720Z","late_steady","12","12","k6_progress","k6","10312","True","0.129","44.133","70.754","16"
"2026-08-17T17:36:15.3300996Z","late_steady","12","12","k6_progress","backend","28188","True","0.454","55.773","63.688","13"
"2026-08-17T17:36:15.3300996Z","late_steady","12","12","k6_progress","k6","10312","True","0.13","44.141","70.754","16"
"2026-08-17T17:36:17.3415555Z","late_steady","12","12","k6_progress","backend","28188","True","0.194","55.867","62.781","13"
"2026-08-17T17:36:17.3415555Z","late_steady","12","12","k6_progress","k6","10312","True","0.259","44.141","70.754","16"
"2026-08-17T17:36:19.3496467Z","late_steady","12","12","k6_progress","backend","28188","True","0.065","56.062","63.047","13"
"2026-08-17T17:36:19.3496467Z","late_steady","12","12","k6_progress","k6","10312","True","0","44.145","70.754","16"
"2026-08-17T17:36:21.3630658Z","late_steady","12","12","k6_progress","backend","28188","True","0.259","56.254","63.309","13"
"2026-08-17T17:36:21.3630658Z","late_steady","12","12","k6_progress","k6","10312","True","0.453","44.145","70.754","16"
"2026-08-17T17:36:23.3731273Z","late_steady","12","12","k6_progress","backend","28188","True","0.324","56.441","63.566","13"
"2026-08-17T17:36:23.3731273Z","late_steady","12","12","k6_progress","k6","10312","True","0.13","44.145","70.754","16"
"2026-08-17T17:36:25.3853608Z","late_steady","12","12","k6_progress","backend","28188","True","0.194","56.629","63.566","13"
"2026-08-17T17:36:25.3853608Z","late_steady","12","12","k6_progress","k6","10312","True","0.065","44.148","70.754","16"
"2026-08-17T17:36:27.3853573Z","late_steady","12","12","k6_progress","backend","28188","True","0.13","56.977","64.172","13"
"2026-08-17T17:36:27.3853573Z","late_steady","12","12","k6_progress","k6","10312","True","0","44.152","70.754","16"
"2026-08-17T17:36:29.4001973Z","late_steady","12","12","k6_progress","backend","28188","True","0.258","57.473","65.039","13"
"2026-08-17T17:36:29.4001973Z","late_steady","12","12","k6_progress","k6","10312","True","0.129","44.16","70.762","16"
"2026-08-17T17:36:31.4039467Z","late_steady","12","12","k6_progress","backend","28188","True","0.325","57.836","65.039","13"
"2026-08-17T17:36:31.4039467Z","late_steady","12","12","k6_progress","k6","10312","True","0.13","44.16","70.762","16"
"2026-08-17T17:36:33.4178111Z","late_steady","12","12","k6_progress","backend","28188","True","0","57.836","65.039","13"
"2026-08-17T17:36:33.4178111Z","late_steady","12","12","k6_progress","k6","10312","True","0","44.16","70.762","16"
"2026-08-17T17:36:35.4263675Z","late_steady","12","12","k6_progress","backend","28188","True","0.194","58.023","65.297","13"
"2026-08-17T17:36:35.4263675Z","late_steady","12","12","k6_progress","k6","10312","True","0.259","44.262","70.863","16"
"2026-08-17T17:36:37.4310053Z","late_steady","12","12","k6_progress","backend","28188","True","0.13","58.461","65.812","13"
"2026-08-17T17:36:37.4310053Z","late_steady","12","12","k6_progress","k6","10312","True","0.39","44.508","71.113","16"
"2026-08-17T17:36:39.4362250Z","late_steady","12","12","k6_progress","backend","28188","True","0.065","58.586","65.812","13"
"2026-08-17T17:36:39.4362250Z","late_steady","12","12","k6_progress","k6","10312","True","0.065","44.539","71.145","16"
"2026-08-17T17:36:41.4429293Z","late_steady","12","12","k6_progress","backend","28188","True","0.26","58.477","66.68","13"
"2026-08-17T17:36:41.4429293Z","late_steady","12","12","k6_progress","k6","10312","True","0.13","44.539","71.145","16"
"2026-08-17T17:36:43.4464921Z","late_steady","12","12","k6_progress","backend","28188","True","0.455","58.73","67.012","13"
"2026-08-17T17:36:43.4464921Z","late_steady","12","12","k6_progress","k6","10312","True","0.195","44.539","71.145","16"
"2026-08-17T17:36:45.4561793Z","late_steady","12","12","k6_progress","backend","28188","True","0.13","58.73","67.184","13"
"2026-08-17T17:36:45.4561793Z","late_steady","12","12","k6_progress","k6","10312","True","0","44.539","71.145","16"
"2026-08-17T17:36:47.4713165Z","late_steady","12","12","k6_progress","backend","28188","True","0.194","58.762","67.184","13"
"2026-08-17T17:36:47.4713165Z","late_steady","12","12","k6_progress","k6","10312","True","0.452","44.539","71.145","16"
"2026-08-17T17:36:49.4854421Z","late_steady","12","12","k6_progress","backend","28188","True","0.323","58.762","67.184","13"
"2026-08-17T17:36:49.4854421Z","late_steady","12","12","k6_progress","k6","10312","True","0.194","44.539","71.145","16"
"2026-08-17T17:36:51.5005237Z","late_steady","12","12","k6_progress","backend","28188","True","0.388","58.777","67.184","13"
"2026-08-17T17:36:51.5005237Z","late_steady","12","12","k6_progress","k6","10312","True","0","44.543","71.145","16"
"2026-08-17T17:36:53.5222767Z","late_steady","12","12","k6_progress","backend","28188","True","0.129","58.781","67.184","13"
"2026-08-17T17:36:53.5222767Z","late_steady","12","12","k6_progress","k6","10312","True","0","44.543","71.145","16"
"2026-08-17T17:36:55.5346529Z","late_steady","12","12","k6_progress","backend","28188","True","0.194","58.781","67.184","13"
"2026-08-17T17:36:55.5346529Z","late_steady","12","12","k6_progress","k6","10312","True","0.259","44.543","71.145","16"
"2026-08-17T17:36:57.5463131Z","late_steady","12","12","k6_progress","backend","28188","True","0.324","58.426","65.582","13"
"2026-08-17T17:36:57.5463131Z","late_steady","12","12","k6_progress","k6","10312","True","0.065","44.543","71.145","16"
"2026-08-17T17:36:59.5642875Z","late_steady","12","12","k6_progress","backend","28188","True","0.452","58.707","66.793","13"
"2026-08-17T17:36:59.5642875Z","late_steady","12","12","k6_progress","k6","10312","True","0.065","44.543","71.145","16"
"2026-08-17T17:37:01.5701966Z","late_steady","12","12","k6_progress","backend","28188","True","0.26","58.379","65.645","13"
"2026-08-17T17:37:01.5701966Z","late_steady","12","12","k6_progress","k6","10312","True","0.13","44.543","71.145","16"
"2026-08-17T17:37:03.5740528Z","late_steady","12","12","k6_progress","backend","28188","True","0.65","59.082","67.961","13"
"2026-08-17T17:37:03.5740528Z","late_steady","12","12","k6_progress","k6","10312","True","0.065","44.547","71.145","16"
"2026-08-17T17:37:05.5814730Z","late_steady","12","12","k6_progress","backend","28188","True","0.195","59.086","67.961","13"
"2026-08-17T17:37:05.5814730Z","late_steady","12","12","k6_progress","k6","10312","True","0.324","44.547","71.145","16"
"2026-08-17T17:37:07.5965900Z","late_steady","12","12","k6_progress","backend","28188","True","0.258","59.086","67.961","13"
"2026-08-17T17:37:07.5965900Z","late_steady","12","12","k6_progress","k6","10312","True","0.129","44.547","71.145","16"
"2026-08-17T17:37:09.6157620Z","late_steady","12","12","k6_progress","backend","28188","True","0.193","59.09","67.961","13"
"2026-08-17T17:37:09.6157620Z","late_steady","12","12","k6_progress","k6","10312","True","0.064","44.547","71.145","16"
"2026-08-17T17:37:11.6197096Z","late_steady","12","12","k6_progress","backend","28188","True","0.13","59.094","67.961","13"
"2026-08-17T17:37:11.6197096Z","late_steady","12","12","k6_progress","k6","10312","True","0.065","44.551","71.145","16"
"2026-08-17T17:37:13.6261436Z","late_steady","12","12","k6_progress","backend","28188","True","0.26","58.73","65.82","13"
"2026-08-17T17:37:13.6261436Z","late_steady","12","12","k6_progress","k6","10312","True","0.065","44.551","71.145","16"
"2026-08-17T17:37:15.6376491Z","late_steady","12","12","k6_progress","backend","28188","True","0.259","58.789","65.887","13"
"2026-08-17T17:37:15.6376491Z","late_steady","12","12","k6_progress","k6","10312","True","0.129","44.555","71.145","16"
"2026-08-17T17:37:17.6510966Z","late_steady","12","12","k6_progress","backend","28188","True","0","58.789","65.887","13"
"2026-08-17T17:37:17.6510966Z","late_steady","12","12","k6_progress","k6","10312","True","0.194","44.543","71.113","15"
"2026-08-17T17:37:19.6657572Z","late_steady","12","12","k6_progress","backend","28188","True","0.259","58.793","65.887","13"
"2026-08-17T17:37:19.6657572Z","late_steady","12","12","k6_progress","k6","10312","True","0.129","44.543","71.113","15"
"2026-08-17T17:37:21.6782256Z","late_steady","12","12","k6_progress","backend","28188","True","0.194","58.793","65.887","13"
"2026-08-17T17:37:21.6782256Z","late_steady","12","12","k6_progress","k6","10312","True","0.065","44.559","71.113","15"
"2026-08-17T17:37:23.6831510Z","late_steady","12","12","k6_progress","backend","28188","True","0.195","58.793","65.887","13"
"2026-08-17T17:37:23.6831510Z","late_steady","12","12","k6_progress","k6","10312","True","0.065","44.559","71.113","15"
"2026-08-17T17:37:25.6980839Z","late_steady","12","12","k6_progress","backend","28188","True","0.194","58.793","65.887","13"
"2026-08-17T17:37:25.6980839Z","late_steady","12","12","k6_progress","k6","10312","True","0","44.562","71.113","15"
"2026-08-17T17:37:27.7102183Z","late_steady","12","12","k6_progress","backend","28188","True","0.194","58.793","65.887","13"
"2026-08-17T17:37:27.7102183Z","late_steady","12","12","k6_progress","k6","10312","True","0","44.562","71.113","15"
"2026-08-17T17:37:29.7160191Z","late_steady","12","12","k6_progress","backend","28188","True","0.13","58.793","65.887","13"
"2026-08-17T17:37:29.7160191Z","late_steady","12","12","k6_progress","k6","10312","True","0.13","44.562","71.113","15"
"2026-08-17T17:37:31.7294298Z","late_steady","12","12","k6_progress","backend","28188","True","0.065","58.793","65.887","13"
"2026-08-17T17:37:31.7294298Z","late_steady","12","12","k6_progress","k6","10312","True","0.065","44.566","71.113","15"
"2026-08-17T17:37:33.7415189Z","late_steady","12","12","k6_progress","backend","28188","True","0.129","58.793","65.887","13"
"2026-08-17T17:37:33.7415189Z","late_steady","12","12","k6_progress","k6","10312","True","0.129","44.57","71.113","15"
"2026-08-17T17:37:35.7490037Z","late_steady","12","12","k6_progress","backend","28188","True","0.259","58.793","65.887","13"
"2026-08-17T17:37:35.7490037Z","late_steady","12","12","k6_progress","k6","10312","True","0","44.57","71.113","15"
"2026-08-17T17:37:37.7539314Z","late_steady","12","12","k6_progress","backend","28188","True","0.26","59.004","66.449","13"
"2026-08-17T17:37:37.7539314Z","late_steady","12","12","k6_progress","k6","10312","True","0.065","44.574","71.113","15"
"2026-08-17T17:37:39.7698367Z","late_steady","12","12","k6_progress","backend","28188","True","0","59.004","66.449","13"
"2026-08-17T17:37:39.7698367Z","late_steady","12","12","k6_progress","k6","10312","True","0","44.574","71.113","15"
"2026-08-17T17:37:41.7879795Z","late_steady","12","12","k6_progress","backend","28188","True","0.194","59.004","66.449","13"
"2026-08-17T17:37:41.7879795Z","late_steady","12","12","k6_progress","k6","10312","True","0.129","44.574","71.113","15"
"2026-08-17T17:37:43.8066463Z","late_steady","12","12","k6_progress","backend","28188","True","0.129","59.004","66.449","13"
"2026-08-17T17:37:43.8066463Z","late_steady","12","12","k6_progress","k6","10312","True","0","44.578","71.113","15"
"2026-08-17T17:37:45.8220822Z","late_steady","12","12","k6_progress","backend","28188","True","0.323","59.184","66.957","13"
"2026-08-17T17:37:45.8220822Z","late_steady","12","12","k6_progress","k6","10312","True","0.258","44.578","71.113","15"
"2026-08-17T17:37:47.8383652Z","late_steady","12","12","k6_progress","backend","28188","True","0.065","59.184","66.957","13"
"2026-08-17T17:37:47.8383652Z","late_steady","12","12","k6_progress","k6","10312","True","0.065","44.578","71.113","15"
"2026-08-17T17:37:49.8527565Z","late_steady","12","12","k6_progress","backend","28188","True","0.194","59.184","66.957","13"
"2026-08-17T17:37:49.8527565Z","late_steady","12","12","k6_progress","k6","10312","True","0.194","44.578","71.113","15"
"2026-08-17T17:37:51.8597406Z","late_steady","12","12","k6_progress","backend","28188","True","0.195","59.309","66.957","13"
"2026-08-17T17:37:51.8597406Z","late_steady","12","12","k6_progress","k6","10312","True","0","44.578","71.113","15"
"2026-08-17T17:37:53.8687409Z","late_steady","12","12","k6_progress","backend","28188","True","0.324","59.008","65.945","13"
"2026-08-17T17:37:53.8687409Z","late_steady","12","12","k6_progress","k6","10312","True","0.13","44.578","71.113","15"
"2026-08-17T17:37:55.8790358Z","late_steady","12","12","k6_progress","backend","28188","True","0.324","59.25","67.43","13"
"2026-08-17T17:37:55.8790358Z","late_steady","12","12","k6_progress","k6","10312","True","0","44.578","71.113","15"
"2026-08-17T17:37:57.8861372Z","late_steady","12","12","k6_progress","backend","28188","True","0.13","59.25","67.43","13"
"2026-08-17T17:37:57.8861372Z","late_steady","12","12","k6_progress","k6","10312","True","0.13","44.578","71.113","15"
"2026-08-17T17:37:59.8902855Z","late_steady","12","12","k6_progress","backend","28188","True","0.26","59.309","67.488","13"
"2026-08-17T17:37:59.8902855Z","late_steady","12","12","k6_progress","k6","10312","True","0.065","44.582","71.113","15"
"2026-08-17T17:38:01.9142088Z","late_steady","12","12","k6_progress","backend","28188","True","0.193","59.293","67.457","12"
"2026-08-17T17:38:01.9142088Z","late_steady","12","12","k6_progress","k6","10312","True","0.129","44.582","71.113","15"
"2026-08-17T17:38:03.9163829Z","late_steady","12","12","k6_progress","backend","28188","True","0.13","59.293","67.457","12"
"2026-08-17T17:38:03.9163829Z","late_steady","12","12","k6_progress","k6","10312","True","0","44.582","71.113","15"
"2026-08-17T17:38:05.9244486Z","late_steady","12","12","k6_progress","backend","28188","True","0.195","59.293","67.457","12"
"2026-08-17T17:38:05.9244486Z","late_steady","12","12","k6_progress","k6","10312","True","0.065","44.582","71.113","15"
"2026-08-17T17:38:07.9302805Z","late_steady","12","12","k6_progress","backend","28188","True","0.195","59.293","67.457","12"
"2026-08-17T17:38:07.9302805Z","late_steady","12","12","k6_progress","k6","10312","True","0.065","44.582","71.113","15"
"2026-08-17T17:38:09.9425702Z","late_steady","12","12","k6_progress","backend","28188","True","0.259","59.293","67.457","12"
"2026-08-17T17:38:09.9425702Z","late_steady","12","12","k6_progress","k6","10312","True","0","44.586","71.113","15"
"2026-08-17T17:38:11.9497535Z","late_steady","12","12","k6_progress","backend","28188","True","0.195","59.293","67.457","12"
"2026-08-17T17:38:11.9497535Z","late_steady","12","12","k6_progress","k6","10312","True","0.259","44.586","71.113","15"
"2026-08-17T17:38:13.9638279Z","late_steady","12","12","k6_progress","backend","28188","True","0.259","59.301","67.457","12"
"2026-08-17T17:38:13.9638279Z","late_steady","12","12","k6_progress","k6","10312","True","0.323","44.594","71.113","15"
"2026-08-17T17:38:15.9639176Z","late_steady","12","12","k6_progress","backend","28188","True","0.13","59.301","67.457","12"
"2026-08-17T17:38:15.9639176Z","late_steady","12","12","k6_progress","k6","10312","True","0.13","44.602","71.113","15"
"2026-08-17T17:38:17.9878868Z","late_steady","12","12","k6_progress","backend","28188","True","0.257","59.301","67.457","12"
"2026-08-17T17:38:17.9878868Z","late_steady","12","12","k6_progress","k6","10312","True","0.129","44.602","71.113","15"
"2026-08-17T17:38:20.0077755Z","late_steady","12","12","k6_progress","backend","28188","True","0.129","59.301","67.457","12"
"2026-08-17T17:38:20.0077755Z","late_steady","12","12","k6_progress","k6","10312","True","0.258","44.793","71.301","15"
"2026-08-17T17:38:22.0133724Z","late_steady","12","12","k6_progress","backend","28188","True","0.325","59.301","67.457","12"
"2026-08-17T17:38:22.0133724Z","late_steady","12","12","k6_progress","k6","10312","True","0.26","44.934","71.449","15"
"2026-08-17T17:38:24.0212068Z","late_steady","12","12","k6_progress","backend","28188","True","0.519","59.301","67.457","12"
"2026-08-17T17:38:24.0212068Z","late_steady","12","12","k6_progress","k6","10312","True","0.065","44.984","71.496","15"
"2026-08-17T17:38:26.0262685Z","late_steady","12","12","k6_progress","backend","28188","True","0.455","59.301","67.457","12"
"2026-08-17T17:38:26.0262685Z","late_steady","12","12","k6_progress","k6","10312","True","0.065","44.988","71.496","15"
"2026-08-17T17:38:28.0383163Z","late_steady","12","12","k6_progress","backend","28188","True","0.129","59.301","67.457","12"
"2026-08-17T17:38:28.0383163Z","late_steady","12","12","k6_progress","k6","10312","True","0.194","44.992","71.496","15"
"2026-08-17T17:38:30.0540569Z","late_steady","12","12","k6_progress","backend","28188","True","0.129","59.301","67.457","12"
"2026-08-17T17:38:30.0540569Z","late_steady","12","12","k6_progress","k6","10312","True","0","44.992","71.496","15"
"2026-08-17T17:38:32.0672022Z","late_steady","12","12","k6_progress","backend","28188","True","0.259","59.082","66.051","12"
"2026-08-17T17:38:32.0672022Z","late_steady","12","12","k6_progress","k6","10312","True","0.194","44.996","71.496","15"
"2026-08-17T17:38:34.0819396Z","late_steady","12","12","k6_progress","backend","28188","True","0.259","59.082","66.051","12"
"2026-08-17T17:38:34.0819396Z","late_steady","12","12","k6_progress","k6","10312","True","0.065","44.996","71.496","15"
"2026-08-17T17:38:36.0887833Z","late_steady","12","12","k6_progress","backend","28188","True","0.324","58.977","66.723","12"
"2026-08-17T17:38:36.0887833Z","late_steady","12","12","k6_progress","k6","10312","True","0.26","44.754","71.246","15"
"2026-08-17T17:38:38.0979230Z","late_steady","12","12","k6_progress","backend","28188","True","0.259","58.98","66.727","12"
"2026-08-17T17:38:38.0979230Z","late_steady","12","12","k6_progress","k6","10312","True","0.065","44.754","71.246","15"
"2026-08-17T17:38:40.1068248Z","late_steady","12","12","k6_progress","backend","28188","True","0.259","58.98","66.727","12"
"2026-08-17T17:38:40.1068248Z","late_steady","12","12","k6_progress","k6","10312","True","0.065","44.754","71.246","15"
"2026-08-17T17:38:42.1135342Z","late_steady","12","12","k6_progress","backend","28188","True","0.195","58.98","66.727","12"
"2026-08-17T17:38:42.1135342Z","late_steady","12","12","k6_progress","k6","10312","True","0.26","44.754","71.246","15"
"2026-08-17T17:38:44.1193492Z","late_steady","12","12","k6_progress","backend","28188","True","0.26","58.98","66.727","12"
"2026-08-17T17:38:44.1193492Z","late_steady","12","12","k6_progress","k6","10312","True","0","44.762","71.246","15"
"2026-08-17T17:38:46.1264015Z","late_steady","12","12","k6_progress","backend","28188","True","0.26","58.98","66.727","12"
"2026-08-17T17:38:46.1264015Z","late_steady","12","12","k6_progress","k6","10312","True","0.065","44.762","71.246","15"
"2026-08-17T17:38:48.1340363Z","late_steady","12","12","k6_progress","backend","28188","True","0.195","58.992","66.738","12"
"2026-08-17T17:38:48.1340363Z","late_steady","12","12","k6_progress","k6","10312","True","0.13","44.762","71.246","15"
"2026-08-17T17:38:50.1416522Z","late_steady","12","12","k6_progress","backend","28188","True","0.195","58.992","66.738","12"
"2026-08-17T17:38:50.1416522Z","late_steady","12","12","k6_progress","k6","10312","True","0.454","44.766","71.246","15"
"2026-08-17T17:38:52.1530550Z","late_steady","12","12","k6_progress","backend","28188","True","0.065","58.992","66.738","12"
"2026-08-17T17:38:52.1530550Z","late_steady","12","12","k6_progress","k6","10312","True","0.129","44.766","71.246","15"
"2026-08-17T17:38:54.1664713Z","late_steady","12","12","k6_progress","backend","28188","True","0.065","58.992","66.738","12"
"2026-08-17T17:38:54.1664713Z","late_steady","12","12","k6_progress","k6","10312","True","0.194","44.766","71.246","15"
"2026-08-17T17:38:56.1761861Z","late_steady","12","12","k6_progress","backend","28188","True","0.259","58.992","66.738","12"
"2026-08-17T17:38:56.1761861Z","late_steady","12","12","k6_progress","k6","10312","True","0.13","44.766","71.246","15"
"2026-08-17T17:38:58.1875747Z","late_steady","12","12","k6_progress","backend","28188","True","0.129","58.992","66.738","12"
"2026-08-17T17:38:58.1875747Z","late_steady","12","12","k6_progress","k6","10312","True","0.259","44.766","71.246","15"
"2026-08-17T17:39:00.1993331Z","late_steady","12","12","k6_progress","backend","28188","True","0.324","58.824","65.707","12"
"2026-08-17T17:39:00.1993331Z","late_steady","12","12","k6_progress","k6","10312","True","0.129","44.766","71.246","15"
"2026-08-17T17:39:02.2042845Z","late_steady","12","12","k6_progress","backend","28188","True","0.065","58.824","65.707","12"
"2026-08-17T17:39:02.2042845Z","late_steady","12","12","k6_progress","k6","10312","True","0.195","44.766","71.246","15"
"2026-08-17T17:39:04.2082302Z","late_steady","12","12","k6_progress","backend","28188","True","0.065","58.824","65.707","12"
"2026-08-17T17:39:04.2082302Z","late_steady","12","12","k6_progress","k6","10312","True","0.065","44.766","71.246","15"
"2026-08-17T17:39:06.2082406Z","exit_ramp","12","12","k6_progress","backend","28188","True","0.326","58.828","65.711","12"
"2026-08-17T17:39:06.2082406Z","exit_ramp","12","12","k6_progress","k6","10312","True","0.26","44.773","71.246","15"
"2026-08-17T17:39:08.2186454Z","exit_ramp","12","12","k6_progress","backend","28188","True","0.194","58.828","65.711","12"
"2026-08-17T17:39:08.2186454Z","exit_ramp","12","12","k6_progress","k6","10312","True","0.13","44.777","71.246","15"
"2026-08-17T17:39:10.2315547Z","exit_ramp","11","12","k6_progress","backend","28188","True","0.129","58.828","65.711","12"
"2026-08-17T17:39:10.2315547Z","exit_ramp","11","12","k6_progress","k6","10312","True","0.582","44.957","71.434","15"
"2026-08-17T17:39:12.2360866Z","exit_ramp","10","11","k6_progress","backend","28188","True","0.325","58.828","65.711","12"
"2026-08-17T17:39:12.2360866Z","exit_ramp","10","11","k6_progress","k6","10312","True","0.195","45.262","71.707","15"
"2026-08-17T17:39:14.2433232Z","exit_ramp","9","10","k6_progress","backend","28188","True","0.195","58.828","65.711","12"
"2026-08-17T17:39:14.2433232Z","exit_ramp","9","10","k6_progress","k6","10312","True","0.13","45.312","71.754","15"
"2026-08-17T17:39:16.2468200Z","exit_ramp","8","10","k6_progress","backend","28188","True","0.13","58.828","65.711","12"
"2026-08-17T17:39:16.2468200Z","exit_ramp","8","10","k6_progress","k6","10312","True","0.26","45.316","71.754","15"
"2026-08-17T17:39:18.2547895Z","exit_ramp","8","10","k6_progress","backend","28188","True","0","58.844","65.734","12"
"2026-08-17T17:39:18.2547895Z","exit_ramp","8","10","k6_progress","k6","10312","True","0.065","45.316","71.754","15"
"2026-08-17T17:39:20.2653613Z","exit_ramp","7","10","k6_progress","backend","28188","True","0.259","58.844","65.734","12"
"2026-08-17T17:39:20.2653613Z","exit_ramp","7","10","k6_progress","k6","10312","True","0.065","45.316","71.754","15"
"2026-08-17T17:39:22.2671079Z","exit_ramp","6","9","k6_progress","backend","28188","True","0.065","58.969","65.992","12"
"2026-08-17T17:39:22.2671079Z","exit_ramp","6","9","k6_progress","k6","10312","True","0.13","45.32","71.754","15"
"2026-08-17T17:39:24.2737053Z","exit_ramp","5","9","k6_progress","backend","28188","True","0.389","59.191","66.074","12"
"2026-08-17T17:39:24.2737053Z","exit_ramp","5","9","k6_progress","k6","10312","True","0","45.328","71.754","15"
"2026-08-17T17:39:26.2785913Z","exit_ramp","4","9","k6_progress","backend","28188","True","0.13","59.191","66.074","12"
"2026-08-17T17:39:26.2785913Z","exit_ramp","4","9","k6_progress","k6","10312","True","0.13","45.328","71.754","15"
"2026-08-17T17:39:28.2826172Z","exit_ramp","4","8","k6_progress","backend","28188","True","0.195","59.191","66.074","12"
"2026-08-17T17:39:28.2826172Z","exit_ramp","4","8","k6_progress","k6","10312","True","0.13","45.328","71.754","15"
"2026-08-17T17:39:30.2885881Z","exit_ramp","3","7","k6_progress","backend","28188","True","0.13","59.191","66.074","12"
"2026-08-17T17:39:30.2885881Z","exit_ramp","3","7","k6_progress","k6","10312","True","0.13","45.328","71.754","15"
"2026-08-17T17:39:32.2910743Z","exit_ramp","2","6","k6_progress","backend","28188","True","0.195","59.191","66.074","12"
"2026-08-17T17:39:32.2910743Z","exit_ramp","2","6","k6_progress","k6","10312","True","0","45.328","71.754","15"
"2026-08-17T17:39:34.3040713Z","exit_ramp","1","5","k6_progress","backend","28188","True","0.259","59.191","66.074","12"
"2026-08-17T17:39:34.3040713Z","exit_ramp","1","5","k6_progress","k6","10312","True","0","45.332","71.754","15"
"2026-08-17T17:39:36.3174947Z","graceful_completion","0","5","k6_progress","backend","28188","True","0.065","59.191","66.074","12"
"2026-08-17T17:39:36.3174947Z","graceful_completion","0","5","k6_progress","k6","10312","True","0","45.336","71.754","15"
"2026-08-17T17:39:38.3403935Z","graceful_completion","0","5","k6_progress","backend","28188","True","0.064","59.191","66.074","12"
"2026-08-17T17:39:38.3403935Z","graceful_completion","0","5","k6_progress","k6","10312","True","0.129","45.336","71.754","15"
"2026-08-17T17:39:40.3529645Z","graceful_completion","0","5","k6_progress","backend","28188","True","0.129","59.191","66.074","12"
"2026-08-17T17:39:40.3529645Z","graceful_completion","0","5","k6_progress","k6","10312","True","0.065","45.352","71.754","15"
"2026-08-17T17:39:42.3678774Z","graceful_completion","0","5","k6_progress","backend","28188","True","0","59.191","66.074","12"
"2026-08-17T17:39:42.3678774Z","graceful_completion","0","5","k6_progress","k6","10312","True","0","45.352","71.754","15"
"2026-08-17T17:39:44.3713019Z","graceful_completion","0","5","k6_progress","backend","28188","True","0.065","59.191","66.074","12"
"2026-08-17T17:39:44.3713019Z","graceful_completion","0","5","k6_progress","k6","10312","True","0","45.352","71.754","15"
"2026-08-17T17:39:46.3898137Z","graceful_completion","0","5","k6_progress","backend","28188","True","0.065","59.191","66.074","12"
"2026-08-17T17:39:46.3898137Z","graceful_completion","0","5","k6_progress","k6","10312","True","0","45.352","71.754","15"
"2026-08-17T17:39:48.4042604Z","graceful_completion","0","0","k6_progress","backend","28188","True","0","59.191","66.074","12"
"2026-08-17T17:39:48.4042604Z","graceful_completion","0","0","k6_progress","k6","10312","True","0.129","46.871","72.25","15"
"2026-08-17T17:39:50.4164132Z","post_load_recovery","0","","unavailable","backend","28188","True","0","59.223","66.074","12"
"2026-08-17T17:39:50.4164132Z","post_load_recovery","0","","unavailable","k6","10312","False","","","",""
"2026-08-17T17:39:52.4325768Z","post_load_recovery","0","","unavailable","backend","28188","True","0","59.223","66.074","12"
"2026-08-17T17:39:52.4325768Z","post_load_recovery","0","","unavailable","k6","10312","False","","","",""
"2026-08-17T17:39:54.4609304Z","post_load_recovery","0","","unavailable","backend","28188","True","0","59.223","66.074","12"
"2026-08-17T17:39:54.4609304Z","post_load_recovery","0","","unavailable","k6","10312","False","","","",""
"2026-08-17T17:39:56.4662166Z","post_load_recovery","0","","unavailable","backend","28188","True","0","59.223","66.074","12"
"2026-08-17T17:39:56.4662166Z","post_load_recovery","0","","unavailable","k6","10312","False","","","",""
"2026-08-17T17:39:58.4868475Z","post_load_recovery","0","","unavailable","backend","28188","True","0","59.223","66.074","12"
"2026-08-17T17:39:58.4868475Z","post_load_recovery","0","","unavailable","k6","10312","False","","","",""
"2026-08-17T17:40:00.4918216Z","post_load_recovery","0","","unavailable","backend","28188","True","0","59.223","66.074","12"
"2026-08-17T17:40:00.4918216Z","post_load_recovery","0","","unavailable","k6","10312","False","","","",""
"2026-08-17T17:40:02.5039856Z","post_load_recovery","0","","unavailable","backend","28188","True","0","59.223","66.074","12"
"2026-08-17T17:40:02.5039856Z","post_load_recovery","0","","unavailable","k6","10312","False","","","",""
"2026-08-17T17:40:04.5101575Z","post_load_recovery","0","","unavailable","backend","28188","True","0","59.223","66.074","12"
"2026-08-17T17:40:04.5101575Z","post_load_recovery","0","","unavailable","k6","10312","False","","","",""
"2026-08-17T17:40:06.5159638Z","post_load_recovery","0","","unavailable","backend","28188","True","0","59.223","66.074","12"
"2026-08-17T17:40:06.5159638Z","post_load_recovery","0","","unavailable","k6","10312","False","","","",""
"2026-08-17T17:40:08.5382182Z","post_load_recovery","0","","unavailable","backend","28188","True","0","59.223","66.074","12"
"2026-08-17T17:40:08.5382182Z","post_load_recovery","0","","unavailable","k6","10312","False","","","",""
"2026-08-17T17:40:10.5470187Z","post_load_recovery","0","","unavailable","backend","28188","True","0","59.223","66.074","12"
"2026-08-17T17:40:10.5470187Z","post_load_recovery","0","","unavailable","k6","10312","False","","","",""
"2026-08-17T17:40:12.5485101Z","post_load_recovery","0","","unavailable","backend","28188","True","0","59.223","66.074","12"
"2026-08-17T17:40:12.5485101Z","post_load_recovery","0","","unavailable","k6","10312","False","","","",""
"2026-08-17T17:40:14.5539952Z","post_load_recovery","0","","unavailable","backend","28188","True","0","59.223","66.074","12"
"2026-08-17T17:40:14.5539952Z","post_load_recovery","0","","unavailable","k6","10312","False","","","",""
"2026-08-17T17:40:16.5570895Z","post_load_recovery","0","","unavailable","backend","28188","True","0","59.223","66.074","12"
"2026-08-17T17:40:16.5570895Z","post_load_recovery","0","","unavailable","k6","10312","False","","","",""
"2026-08-17T17:40:18.5648538Z","post_load_recovery","0","","unavailable","backend","28188","True","0","59.223","66.074","12"
"2026-08-17T17:40:18.5648538Z","post_load_recovery","0","","unavailable","k6","10312","False","","","",""
"2026-08-17T17:40:20.5709584Z","post_load_recovery","0","","unavailable","backend","28188","True","0","59.223","66.074","12"
"2026-08-17T17:40:20.5709584Z","post_load_recovery","0","","unavailable","k6","10312","False","","","",""
"2026-08-17T17:40:22.5759759Z","post_load_recovery","0","","unavailable","backend","28188","True","0","59.223","66.074","12"
"2026-08-17T17:40:22.5759759Z","post_load_recovery","0","","unavailable","k6","10312","False","","","",""
"2026-08-17T17:40:24.5834937Z","post_load_recovery","0","","unavailable","backend","28188","True","0","59.223","66.074","12"
"2026-08-17T17:40:24.5834937Z","post_load_recovery","0","","unavailable","k6","10312","False","","","",""
"2026-08-17T17:40:26.5908555Z","post_load_recovery","0","","unavailable","backend","28188","True","0","59.223","66.074","12"
"2026-08-17T17:40:26.5908555Z","post_load_recovery","0","","unavailable","k6","10312","False","","","",""
"2026-08-17T17:40:28.6059583Z","post_load_recovery","0","","unavailable","backend","28188","True","0","59.223","66.074","12"
"2026-08-17T17:40:28.6059583Z","post_load_recovery","0","","unavailable","k6","10312","False","","","",""
"2026-08-17T17:40:30.6269531Z","post_load_recovery","0","","unavailable","backend","28188","True","0","59.223","66.074","12"
"2026-08-17T17:40:30.6269531Z","post_load_recovery","0","","unavailable","k6","10312","False","","","",""
"2026-08-17T17:40:32.6347277Z","post_load_recovery","0","","unavailable","backend","28188","True","0","59.223","66.074","12"
"2026-08-17T17:40:32.6347277Z","post_load_recovery","0","","unavailable","k6","10312","False","","","",""
"2026-08-17T17:40:34.6443194Z","post_load_recovery","0","","unavailable","backend","28188","True","0","59.223","66.074","12"
"2026-08-17T17:40:34.6443194Z","post_load_recovery","0","","unavailable","k6","10312","False","","","",""
"2026-08-17T17:40:36.6521506Z","post_load_recovery","0","","unavailable","backend","28188","True","0","59.223","66.074","12"
"2026-08-17T17:40:36.6521506Z","post_load_recovery","0","","unavailable","k6","10312","False","","","",""
"2026-08-17T17:40:38.6677149Z","post_load_recovery","0","","unavailable","backend","28188","True","0","59.223","66.074","12"
"2026-08-17T17:40:38.6677149Z","post_load_recovery","0","","unavailable","k6","10312","False","","","",""
"2026-08-17T17:40:40.6835800Z","post_load_recovery","0","","unavailable","backend","28188","True","0","59.223","66.074","12"
"2026-08-17T17:40:40.6835800Z","post_load_recovery","0","","unavailable","k6","10312","False","","","",""
"2026-08-17T17:40:42.6949495Z","post_load_recovery","0","","unavailable","backend","28188","True","0","59.223","66.074","12"
"2026-08-17T17:40:42.6949495Z","post_load_recovery","0","","unavailable","k6","10312","False","","","",""
"2026-08-17T17:40:44.7040898Z","post_load_recovery","0","","unavailable","backend","28188","True","0","59.223","66.074","12"
"2026-08-17T17:40:44.7040898Z","post_load_recovery","0","","unavailable","k6","10312","False","","","",""
"2026-08-17T17:40:46.7151288Z","post_load_recovery","0","","unavailable","backend","28188","True","0","59.223","66.074","12"
"2026-08-17T17:40:46.7151288Z","post_load_recovery","0","","unavailable","k6","10312","False","","","",""
"2026-08-17T17:40:48.7258998Z","post_load_recovery","0","","unavailable","backend","28188","True","0","59.223","66.074","12"
"2026-08-17T17:40:48.7258998Z","post_load_recovery","0","","unavailable","k6","10312","False","","","",""
"2026-08-17T17:40:50.7334103Z","post_load_recovery","0","","unavailable","backend","28188","True","0","59.223","66.074","12"
"2026-08-17T17:40:50.7334103Z","post_load_recovery","0","","unavailable","k6","10312","False","","","",""
"2026-08-17T17:40:52.7364887Z","post_load_recovery","0","","unavailable","backend","28188","True","0","59.223","66.074","12"
"2026-08-17T17:40:52.7364887Z","post_load_recovery","0","","unavailable","k6","10312","False","","","",""
"2026-08-17T17:40:54.7505601Z","post_load_recovery","0","","unavailable","backend","28188","True","0","59.223","66.074","12"
"2026-08-17T17:40:54.7505601Z","post_load_recovery","0","","unavailable","k6","10312","False","","","",""
"2026-08-17T17:40:56.7627089Z","post_load_recovery","0","","unavailable","backend","28188","True","0","59.223","66.074","12"
"2026-08-17T17:40:56.7627089Z","post_load_recovery","0","","unavailable","k6","10312","False","","","",""
"2026-08-17T17:40:58.7638451Z","post_load_recovery","0","","unavailable","backend","28188","True","0","59.223","66.074","12"
"2026-08-17T17:40:58.7638451Z","post_load_recovery","0","","unavailable","k6","10312","False","","","",""
"2026-08-17T17:41:00.7694225Z","post_load_recovery","0","","unavailable","backend","28188","True","0","59.223","66.074","12"
"2026-08-17T17:41:00.7694225Z","post_load_recovery","0","","unavailable","k6","10312","False","","","",""
"2026-08-17T17:41:02.7719901Z","post_load_recovery","0","","unavailable","backend","28188","True","0","59.223","66.074","12"
"2026-08-17T17:41:02.7719901Z","post_load_recovery","0","","unavailable","k6","10312","False","","","",""
"2026-08-17T17:41:04.7814552Z","post_load_recovery","0","","unavailable","backend","28188","True","0","59.223","66.074","12"
"2026-08-17T17:41:04.7814552Z","post_load_recovery","0","","unavailable","k6","10312","False","","","",""
"2026-08-17T17:41:06.7925400Z","post_load_recovery","0","","unavailable","backend","28188","True","0","59.223","66.074","12"
"2026-08-17T17:41:06.7925400Z","post_load_recovery","0","","unavailable","k6","10312","False","","","",""
"2026-08-17T17:41:08.7968281Z","post_load_recovery","0","","unavailable","backend","28188","True","0","59.223","66.074","12"
"2026-08-17T17:41:08.7968281Z","post_load_recovery","0","","unavailable","k6","10312","False","","","",""
"2026-08-17T17:41:10.8071941Z","post_load_recovery","0","","unavailable","backend","28188","True","0","59.223","66.074","12"
"2026-08-17T17:41:10.8071941Z","post_load_recovery","0","","unavailable","k6","10312","False","","","",""
"2026-08-17T17:41:12.8253544Z","post_load_recovery","0","","unavailable","backend","28188","True","0","59.223","66.074","12"
"2026-08-17T17:41:12.8253544Z","post_load_recovery","0","","unavailable","k6","10312","False","","","",""
"2026-08-17T17:41:14.8380566Z","post_load_recovery","0","","unavailable","backend","28188","True","0","59.223","66.074","12"
"2026-08-17T17:41:14.8380566Z","post_load_recovery","0","","unavailable","k6","10312","False","","","",""
"2026-08-17T17:41:16.8539957Z","post_load_recovery","0","","unavailable","backend","28188","True","0","59.223","66.074","12"
"2026-08-17T17:41:16.8539957Z","post_load_recovery","0","","unavailable","k6","10312","False","","","",""
"2026-08-17T17:41:18.8548695Z","post_load_recovery","0","","unavailable","backend","28188","True","0","59.223","66.074","12"
"2026-08-17T17:41:18.8548695Z","post_load_recovery","0","","unavailable","k6","10312","False","","","",""
"2026-08-17T17:41:20.8650258Z","post_load_recovery","0","","unavailable","backend","28188","True","0","59.223","66.074","12"
"2026-08-17T17:41:20.8650258Z","post_load_recovery","0","","unavailable","k6","10312","False","","","",""
"2026-08-17T17:41:22.8682238Z","post_load_recovery","0","","unavailable","backend","28188","True","0","59.223","66.074","12"
"2026-08-17T17:41:22.8682238Z","post_load_recovery","0","","unavailable","k6","10312","False","","","",""
"2026-08-17T17:41:24.8821497Z","post_load_recovery","0","","unavailable","backend","28188","True","0","59.223","66.074","12"
"2026-08-17T17:41:24.8821497Z","post_load_recovery","0","","unavailable","k6","10312","False","","","",""
"2026-08-17T17:41:26.8935833Z","post_load_recovery","0","","unavailable","backend","28188","True","0","59.223","66.074","12"
"2026-08-17T17:41:26.8935833Z","post_load_recovery","0","","unavailable","k6","10312","False","","","",""
"2026-08-17T17:41:28.9087904Z","post_load_recovery","0","","unavailable","backend","28188","True","0","59.223","66.074","12"
"2026-08-17T17:41:28.9087904Z","post_load_recovery","0","","unavailable","k6","10312","False","","","",""
"2026-08-17T17:41:30.9163782Z","post_load_recovery","0","","unavailable","backend","28188","True","0","59.223","66.074","12"
"2026-08-17T17:41:30.9163782Z","post_load_recovery","0","","unavailable","k6","10312","False","","","",""
"2026-08-17T17:41:32.9175478Z","post_load_recovery","0","","unavailable","backend","28188","True","0","59.223","66.074","12"
"2026-08-17T17:41:32.9175478Z","post_load_recovery","0","","unavailable","k6","10312","False","","","",""
"2026-08-17T17:41:34.9299517Z","post_load_recovery","0","","unavailable","backend","28188","True","0","59.223","66.074","12"
"2026-08-17T17:41:34.9299517Z","post_load_recovery","0","","unavailable","k6","10312","False","","","",""
"2026-08-17T17:41:36.9457439Z","post_load_recovery","0","","unavailable","backend","28188","True","0","59.223","66.074","12"
"2026-08-17T17:41:36.9457439Z","post_load_recovery","0","","unavailable","k6","10312","False","","","",""
"2026-08-17T17:41:38.9566212Z","post_load_recovery","0","","unavailable","backend","28188","True","0","59.223","66.074","12"
"2026-08-17T17:41:38.9566212Z","post_load_recovery","0","","unavailable","k6","10312","False","","","",""
"2026-08-17T17:41:40.9753663Z","post_load_recovery","0","","unavailable","backend","28188","True","0","59.223","66.074","12"
"2026-08-17T17:41:40.9753663Z","post_load_recovery","0","","unavailable","k6","10312","False","","","",""
"2026-08-17T17:41:42.9833044Z","post_load_recovery","0","","unavailable","backend","28188","True","0","59.223","66.074","12"
"2026-08-17T17:41:42.9833044Z","post_load_recovery","0","","unavailable","k6","10312","False","","","",""
"2026-08-17T17:41:45.0018820Z","post_load_recovery","0","","unavailable","backend","28188","True","0","59.223","66.074","12"
"2026-08-17T17:41:45.0018820Z","post_load_recovery","0","","unavailable","k6","10312","False","","","",""
"2026-08-17T17:41:47.0181524Z","post_load_recovery","0","","unavailable","backend","28188","True","0","59.223","66.074","12"
"2026-08-17T17:41:47.0181524Z","post_load_recovery","0","","unavailable","k6","10312","False","","","",""
"2026-08-17T17:41:49.0197577Z","post_load_recovery","0","","unavailable","backend","28188","True","0","59.223","66.074","12"
"2026-08-17T17:41:49.0197577Z","post_load_recovery","0","","unavailable","k6","10312","False","","","",""
"2026-08-17T17:41:51.0215504Z","post_load_recovery","0","","unavailable","backend","28188","True","0","59.223","66.074","12"
"2026-08-17T17:41:51.0215504Z","post_load_recovery","0","","unavailable","k6","10312","False","","","",""
