
         /\      Grafana   /‾‾/  
    /\  /  \     |\  __   /  /   
   /  \/    \    | |/ /  /   ‾‾\ 
  /          \   |   (  |  (‾)  |
 / __________ \  |_|\_\  \_____/ 


     execution: local
        script: C:\Users\Duy\Desktop\automation-testing-hw04\out\23127179_Soak_20260817_evidence\20260818t000551547\23127179_Soak_20260817.js
        output: json (C:\Users\Duy\Desktop\automation-testing-hw04\out\23127179_Soak_20260817_evidence\20260818t000551547\raw-results.ndjson)

     scenarios: (100.00%) 1 scenario, 12 max VUs, 14m0s max duration (incl. graceful stop):
              * soak: Up to 12 looping VUs for 13m30s over 3 stages (gracefulRampDown: 30s, gracefulStop: 30s)


running (00m01.0s), 01/12 VUs, 0 complete and 0 interrupted iterations
soak   [   0% ] 01/12 VUs  00m01.0s/13m30.0s

running (00m02.0s), 01/12 VUs, 0 complete and 0 interrupted iterations
soak   [   0% ] 01/12 VUs  00m02.0s/13m30.0s

running (00m03.0s), 01/12 VUs, 0 complete and 0 interrupted iterations
soak   [   0% ] 01/12 VUs  00m03.0s/13m30.0s

running (00m04.0s), 01/12 VUs, 0 complete and 0 interrupted iterations
soak   [   0% ] 01/12 VUs  00m04.0s/13m30.0s

running (00m05.0s), 01/12 VUs, 0 complete and 0 interrupted iterations
soak   [   1% ] 01/12 VUs  00m05.0s/13m30.0s

running (00m06.0s), 02/12 VUs, 0 complete and 0 interrupted iterations
soak   [   1% ] 02/12 VUs  00m06.0s/13m30.0s

running (00m07.0s), 02/12 VUs, 0 complete and 0 interrupted iterations
soak   [   1% ] 02/12 VUs  00m07.0s/13m30.0s

running (00m08.0s), 02/12 VUs, 0 complete and 0 interrupted iterations
soak   [   1% ] 02/12 VUs  00m08.0s/13m30.0s

running (00m09.0s), 02/12 VUs, 0 complete and 0 interrupted iterations
soak   [   1% ] 02/12 VUs  00m09.0s/13m30.0s

running (00m10.0s), 02/12 VUs, 0 complete and 0 interrupted iterations
soak   [   1% ] 02/12 VUs  00m10.0s/13m30.0s

running (00m11.0s), 03/12 VUs, 0 complete and 0 interrupted iterations
soak   [   1% ] 03/12 VUs  00m11.0s/13m30.0s

running (00m12.0s), 03/12 VUs, 0 complete and 0 interrupted iterations
soak   [   1% ] 03/12 VUs  00m12.0s/13m30.0s

running (00m13.0s), 03/12 VUs, 1 complete and 0 interrupted iterations
soak   [   2% ] 03/12 VUs  00m13.0s/13m30.0s

running (00m14.0s), 03/12 VUs, 1 complete and 0 interrupted iterations
soak   [   2% ] 03/12 VUs  00m14.0s/13m30.0s

running (00m15.0s), 03/12 VUs, 1 complete and 0 interrupted iterations
soak   [   2% ] 03/12 VUs  00m15.0s/13m30.0s

running (00m16.0s), 03/12 VUs, 1 complete and 0 interrupted iterations
soak   [   2% ] 03/12 VUs  00m16.0s/13m30.0s

running (00m17.0s), 04/12 VUs, 1 complete and 0 interrupted iterations
soak   [   2% ] 04/12 VUs  00m17.0s/13m30.0s

running (00m18.0s), 04/12 VUs, 1 complete and 0 interrupted iterations
soak   [   2% ] 04/12 VUs  00m18.0s/13m30.0s

running (00m19.0s), 04/12 VUs, 1 complete and 0 interrupted iterations
soak   [   2% ] 04/12 VUs  00m19.0s/13m30.0s

running (00m20.0s), 04/12 VUs, 2 complete and 0 interrupted iterations
soak   [   2% ] 04/12 VUs  00m20.0s/13m30.0s

running (00m21.0s), 04/12 VUs, 2 complete and 0 interrupted iterations
soak   [   3% ] 04/12 VUs  00m21.0s/13m30.0s

running (00m22.0s), 05/12 VUs, 2 complete and 0 interrupted iterations
soak   [   3% ] 05/12 VUs  00m22.0s/13m30.0s

running (00m23.0s), 05/12 VUs, 3 complete and 0 interrupted iterations
soak   [   3% ] 05/12 VUs  00m23.0s/13m30.0s

running (00m24.0s), 05/12 VUs, 4 complete and 0 interrupted iterations
soak   [   3% ] 05/12 VUs  00m24.0s/13m30.0s

running (00m25.0s), 05/12 VUs, 4 complete and 0 interrupted iterations
soak   [   3% ] 05/12 VUs  00m25.0s/13m30.0s

running (00m26.0s), 05/12 VUs, 4 complete and 0 interrupted iterations
soak   [   3% ] 05/12 VUs  00m26.0s/13m30.0s

running (00m27.0s), 05/12 VUs, 4 complete and 0 interrupted iterations
soak   [   3% ] 05/12 VUs  00m27.0s/13m30.0s

running (00m28.0s), 06/12 VUs, 4 complete and 0 interrupted iterations
soak   [   3% ] 06/12 VUs  00m28.0s/13m30.0s

running (00m29.0s), 06/12 VUs, 5 complete and 0 interrupted iterations
soak   [   4% ] 06/12 VUs  00m29.0s/13m30.0s

running (00m30.0s), 06/12 VUs, 5 complete and 0 interrupted iterations
soak   [   4% ] 06/12 VUs  00m30.0s/13m30.0s

running (00m31.0s), 06/12 VUs, 5 complete and 0 interrupted iterations
soak   [   4% ] 06/12 VUs  00m31.0s/13m30.0s

running (00m32.0s), 06/12 VUs, 5 complete and 0 interrupted iterations
soak   [   4% ] 06/12 VUs  00m32.0s/13m30.0s

running (00m33.0s), 07/12 VUs, 5 complete and 0 interrupted iterations
soak   [   4% ] 07/12 VUs  00m33.0s/13m30.0s

running (00m34.0s), 07/12 VUs, 6 complete and 0 interrupted iterations
soak   [   4% ] 07/12 VUs  00m34.0s/13m30.0s

running (00m35.0s), 07/12 VUs, 6 complete and 0 interrupted iterations
soak   [   4% ] 07/12 VUs  00m35.0s/13m30.0s

running (00m36.0s), 07/12 VUs, 7 complete and 0 interrupted iterations
soak   [   4% ] 07/12 VUs  00m36.0s/13m30.0s

running (00m37.0s), 07/12 VUs, 7 complete and 0 interrupted iterations
soak   [   5% ] 07/12 VUs  00m37.0s/13m30.0s

running (00m38.0s), 07/12 VUs, 8 complete and 0 interrupted iterations
soak   [   5% ] 07/12 VUs  00m38.0s/13m30.0s

running (00m39.0s), 08/12 VUs, 8 complete and 0 interrupted iterations
soak   [   5% ] 08/12 VUs  00m39.0s/13m30.0s

running (00m40.0s), 08/12 VUs, 9 complete and 0 interrupted iterations
soak   [   5% ] 08/12 VUs  00m40.0s/13m30.0s

running (00m41.0s), 08/12 VUs, 10 complete and 0 interrupted iterations
soak   [   5% ] 08/12 VUs  00m41.0s/13m30.0s

running (00m42.0s), 08/12 VUs, 10 complete and 0 interrupted iterations
soak   [   5% ] 08/12 VUs  00m42.0s/13m30.0s

running (00m43.0s), 08/12 VUs, 10 complete and 0 interrupted iterations
soak   [   5% ] 08/12 VUs  00m43.0s/13m30.0s

running (00m44.0s), 09/12 VUs, 11 complete and 0 interrupted iterations
soak   [   5% ] 09/12 VUs  00m44.0s/13m30.0s

running (00m45.0s), 09/12 VUs, 11 complete and 0 interrupted iterations
soak   [   6% ] 09/12 VUs  00m45.0s/13m30.0s

running (00m46.0s), 09/12 VUs, 11 complete and 0 interrupted iterations
soak   [   6% ] 09/12 VUs  00m46.0s/13m30.0s

running (00m47.0s), 09/12 VUs, 11 complete and 0 interrupted iterations
soak   [   6% ] 09/12 VUs  00m47.0s/13m30.0s

running (00m48.0s), 09/12 VUs, 11 complete and 0 interrupted iterations
soak   [   6% ] 09/12 VUs  00m48.0s/13m30.0s

running (00m49.0s), 09/12 VUs, 14 complete and 0 interrupted iterations
soak   [   6% ] 09/12 VUs  00m49.0s/13m30.0s

running (00m50.0s), 10/12 VUs, 14 complete and 0 interrupted iterations
soak   [   6% ] 10/12 VUs  00m50.0s/13m30.0s

running (00m51.0s), 10/12 VUs, 15 complete and 0 interrupted iterations
soak   [   6% ] 10/12 VUs  00m51.0s/13m30.0s

running (00m52.0s), 10/12 VUs, 15 complete and 0 interrupted iterations
soak   [   6% ] 10/12 VUs  00m52.0s/13m30.0s

running (00m53.0s), 10/12 VUs, 16 complete and 0 interrupted iterations
soak   [   7% ] 10/12 VUs  00m53.0s/13m30.0s

running (00m54.0s), 10/12 VUs, 17 complete and 0 interrupted iterations
soak   [   7% ] 10/12 VUs  00m54.0s/13m30.0s

running (00m55.0s), 11/12 VUs, 18 complete and 0 interrupted iterations
soak   [   7% ] 11/12 VUs  00m55.0s/13m30.0s

running (00m56.0s), 11/12 VUs, 19 complete and 0 interrupted iterations
soak   [   7% ] 11/12 VUs  00m56.0s/13m30.0s

running (00m57.0s), 11/12 VUs, 19 complete and 0 interrupted iterations
soak   [   7% ] 11/12 VUs  00m57.0s/13m30.0s

running (00m58.0s), 11/12 VUs, 20 complete and 0 interrupted iterations
soak   [   7% ] 11/12 VUs  00m58.0s/13m30.0s

running (00m59.0s), 11/12 VUs, 20 complete and 0 interrupted iterations
soak   [   7% ] 11/12 VUs  00m59.0s/13m30.0s

running (01m00.0s), 11/12 VUs, 20 complete and 0 interrupted iterations
soak   [   7% ] 11/12 VUs  01m00.0s/13m30.0s

running (01m01.0s), 12/12 VUs, 20 complete and 0 interrupted iterations
soak   [   8% ] 12/12 VUs  01m01.0s/13m30.0s

running (01m02.0s), 12/12 VUs, 21 complete and 0 interrupted iterations
soak   [   8% ] 12/12 VUs  01m02.0s/13m30.0s

running (01m03.0s), 12/12 VUs, 25 complete and 0 interrupted iterations
soak   [   8% ] 12/12 VUs  01m03.0s/13m30.0s

running (01m04.0s), 12/12 VUs, 25 complete and 0 interrupted iterations
soak   [   8% ] 12/12 VUs  01m04.0s/13m30.0s

running (01m05.0s), 12/12 VUs, 25 complete and 0 interrupted iterations
soak   [   8% ] 12/12 VUs  01m05.0s/13m30.0s

running (01m06.0s), 12/12 VUs, 25 complete and 0 interrupted iterations
soak   [   8% ] 12/12 VUs  01m06.0s/13m30.0s

running (01m07.0s), 12/12 VUs, 26 complete and 0 interrupted iterations
soak   [   8% ] 12/12 VUs  01m07.0s/13m30.0s

running (01m08.0s), 12/12 VUs, 26 complete and 0 interrupted iterations
soak   [   8% ] 12/12 VUs  01m08.0s/13m30.0s

running (01m09.0s), 12/12 VUs, 27 complete and 0 interrupted iterations
soak   [   9% ] 12/12 VUs  01m09.0s/13m30.0s

running (01m10.0s), 12/12 VUs, 30 complete and 0 interrupted iterations
soak   [   9% ] 12/12 VUs  01m10.0s/13m30.0s

running (01m11.0s), 12/12 VUs, 31 complete and 0 interrupted iterations
soak   [   9% ] 12/12 VUs  01m11.0s/13m30.0s

running (01m12.0s), 12/12 VUs, 31 complete and 0 interrupted iterations
soak   [   9% ] 12/12 VUs  01m12.0s/13m30.0s

running (01m13.0s), 12/12 VUs, 31 complete and 0 interrupted iterations
soak   [   9% ] 12/12 VUs  01m13.0s/13m30.0s

running (01m14.0s), 12/12 VUs, 31 complete and 0 interrupted iterations
soak   [   9% ] 12/12 VUs  01m14.0s/13m30.0s

running (01m15.0s), 12/12 VUs, 33 complete and 0 interrupted iterations
soak   [   9% ] 12/12 VUs  01m15.0s/13m30.0s

running (01m16.0s), 12/12 VUs, 35 complete and 0 interrupted iterations
soak   [   9% ] 12/12 VUs  01m16.0s/13m30.0s

running (01m17.0s), 12/12 VUs, 36 complete and 0 interrupted iterations
soak   [  10% ] 12/12 VUs  01m17.0s/13m30.0s

running (01m18.0s), 12/12 VUs, 37 complete and 0 interrupted iterations
soak   [  10% ] 12/12 VUs  01m18.0s/13m30.0s

running (01m19.0s), 12/12 VUs, 37 complete and 0 interrupted iterations
soak   [  10% ] 12/12 VUs  01m19.0s/13m30.0s

running (01m20.0s), 12/12 VUs, 38 complete and 0 interrupted iterations
soak   [  10% ] 12/12 VUs  01m20.0s/13m30.0s

running (01m21.0s), 12/12 VUs, 38 complete and 0 interrupted iterations
soak   [  10% ] 12/12 VUs  01m21.0s/13m30.0s

running (01m22.0s), 12/12 VUs, 38 complete and 0 interrupted iterations
soak   [  10% ] 12/12 VUs  01m22.0s/13m30.0s

running (01m23.0s), 12/12 VUs, 40 complete and 0 interrupted iterations
soak   [  10% ] 12/12 VUs  01m23.0s/13m30.0s

running (01m24.0s), 12/12 VUs, 41 complete and 0 interrupted iterations
soak   [  10% ] 12/12 VUs  01m24.0s/13m30.0s

running (01m25.0s), 12/12 VUs, 43 complete and 0 interrupted iterations
soak   [  10% ] 12/12 VUs  01m25.0s/13m30.0s

running (01m26.0s), 12/12 VUs, 43 complete and 0 interrupted iterations
soak   [  11% ] 12/12 VUs  01m26.0s/13m30.0s

running (01m27.0s), 12/12 VUs, 43 complete and 0 interrupted iterations
soak   [  11% ] 12/12 VUs  01m27.0s/13m30.0s

running (01m28.0s), 12/12 VUs, 43 complete and 0 interrupted iterations
soak   [  11% ] 12/12 VUs  01m28.0s/13m30.0s

running (01m29.0s), 12/12 VUs, 43 complete and 0 interrupted iterations
soak   [  11% ] 12/12 VUs  01m29.0s/13m30.0s

running (01m30.0s), 12/12 VUs, 45 complete and 0 interrupted iterations
soak   [  11% ] 12/12 VUs  01m30.0s/13m30.0s

running (01m31.0s), 12/12 VUs, 48 complete and 0 interrupted iterations
soak   [  11% ] 12/12 VUs  01m31.0s/13m30.0s

running (01m32.0s), 12/12 VUs, 50 complete and 0 interrupted iterations
soak   [  11% ] 12/12 VUs  01m32.0s/13m30.0s

running (01m33.0s), 12/12 VUs, 50 complete and 0 interrupted iterations
soak   [  11% ] 12/12 VUs  01m33.0s/13m30.0s

running (01m34.0s), 12/12 VUs, 50 complete and 0 interrupted iterations
soak   [  12% ] 12/12 VUs  01m34.0s/13m30.0s

running (01m35.0s), 12/12 VUs, 51 complete and 0 interrupted iterations
soak   [  12% ] 12/12 VUs  01m35.0s/13m30.0s

running (01m36.0s), 12/12 VUs, 52 complete and 0 interrupted iterations
soak   [  12% ] 12/12 VUs  01m36.0s/13m30.0s

running (01m37.0s), 12/12 VUs, 52 complete and 0 interrupted iterations
soak   [  12% ] 12/12 VUs  01m37.0s/13m30.0s

running (01m38.0s), 12/12 VUs, 55 complete and 0 interrupted iterations
soak   [  12% ] 12/12 VUs  01m38.0s/13m30.0s

running (01m39.0s), 12/12 VUs, 55 complete and 0 interrupted iterations
soak   [  12% ] 12/12 VUs  01m39.0s/13m30.0s

running (01m40.0s), 12/12 VUs, 55 complete and 0 interrupted iterations
soak   [  12% ] 12/12 VUs  01m40.0s/13m30.0s

running (01m41.0s), 12/12 VUs, 55 complete and 0 interrupted iterations
soak   [  12% ] 12/12 VUs  01m41.0s/13m30.0s

running (01m42.0s), 12/12 VUs, 56 complete and 0 interrupted iterations
soak   [  13% ] 12/12 VUs  01m42.0s/13m30.0s

running (01m43.0s), 12/12 VUs, 57 complete and 0 interrupted iterations
soak   [  13% ] 12/12 VUs  01m43.0s/13m30.0s

running (01m44.0s), 12/12 VUs, 59 complete and 0 interrupted iterations
soak   [  13% ] 12/12 VUs  01m44.0s/13m30.0s

running (01m45.0s), 12/12 VUs, 62 complete and 0 interrupted iterations
soak   [  13% ] 12/12 VUs  01m45.0s/13m30.0s

running (01m46.0s), 12/12 VUs, 62 complete and 0 interrupted iterations
soak   [  13% ] 12/12 VUs  01m46.0s/13m30.0s

running (01m47.0s), 12/12 VUs, 62 complete and 0 interrupted iterations
soak   [  13% ] 12/12 VUs  01m47.0s/13m30.0s

running (01m48.0s), 12/12 VUs, 63 complete and 0 interrupted iterations
soak   [  13% ] 12/12 VUs  01m48.0s/13m30.0s

running (01m49.0s), 12/12 VUs, 64 complete and 0 interrupted iterations
soak   [  13% ] 12/12 VUs  01m49.0s/13m30.0s

running (01m50.0s), 12/12 VUs, 64 complete and 0 interrupted iterations
soak   [  14% ] 12/12 VUs  01m50.0s/13m30.0s

running (01m51.0s), 12/12 VUs, 65 complete and 0 interrupted iterations
soak   [  14% ] 12/12 VUs  01m51.0s/13m30.0s

running (01m52.0s), 12/12 VUs, 65 complete and 0 interrupted iterations
soak   [  14% ] 12/12 VUs  01m52.0s/13m30.0s

running (01m53.0s), 12/12 VUs, 67 complete and 0 interrupted iterations
soak   [  14% ] 12/12 VUs  01m53.0s/13m30.0s

running (01m54.0s), 12/12 VUs, 67 complete and 0 interrupted iterations
soak   [  14% ] 12/12 VUs  01m54.0s/13m30.0s

running (01m55.0s), 12/12 VUs, 68 complete and 0 interrupted iterations
soak   [  14% ] 12/12 VUs  01m55.0s/13m30.0s

running (01m56.0s), 12/12 VUs, 71 complete and 0 interrupted iterations
soak   [  14% ] 12/12 VUs  01m56.0s/13m30.0s

running (01m57.0s), 12/12 VUs, 71 complete and 0 interrupted iterations
soak   [  14% ] 12/12 VUs  01m57.0s/13m30.0s

running (01m58.0s), 12/12 VUs, 72 complete and 0 interrupted iterations
soak   [  15% ] 12/12 VUs  01m58.0s/13m30.0s

running (01m59.0s), 12/12 VUs, 74 complete and 0 interrupted iterations
soak   [  15% ] 12/12 VUs  01m59.0s/13m30.0s

running (02m00.0s), 12/12 VUs, 74 complete and 0 interrupted iterations
soak   [  15% ] 12/12 VUs  02m00.0s/13m30.0s

running (02m01.0s), 12/12 VUs, 75 complete and 0 interrupted iterations
soak   [  15% ] 12/12 VUs  02m01.0s/13m30.0s

running (02m02.0s), 12/12 VUs, 76 complete and 0 interrupted iterations
soak   [  15% ] 12/12 VUs  02m02.0s/13m30.0s

running (02m03.0s), 12/12 VUs, 76 complete and 0 interrupted iterations
soak   [  15% ] 12/12 VUs  02m03.0s/13m30.0s

running (02m04.0s), 12/12 VUs, 76 complete and 0 interrupted iterations
soak   [  15% ] 12/12 VUs  02m04.0s/13m30.0s

running (02m05.0s), 12/12 VUs, 78 complete and 0 interrupted iterations
soak   [  15% ] 12/12 VUs  02m05.0s/13m30.0s

running (02m06.0s), 12/12 VUs, 78 complete and 0 interrupted iterations
soak   [  16% ] 12/12 VUs  02m06.0s/13m30.0s

running (02m07.0s), 12/12 VUs, 79 complete and 0 interrupted iterations
soak   [  16% ] 12/12 VUs  02m07.0s/13m30.0s

running (02m08.0s), 12/12 VUs, 81 complete and 0 interrupted iterations
soak   [  16% ] 12/12 VUs  02m08.0s/13m30.0s

running (02m09.0s), 12/12 VUs, 83 complete and 0 interrupted iterations
soak   [  16% ] 12/12 VUs  02m09.0s/13m30.0s

running (02m10.0s), 12/12 VUs, 83 complete and 0 interrupted iterations
soak   [  16% ] 12/12 VUs  02m10.0s/13m30.0s

running (02m11.0s), 12/12 VUs, 84 complete and 0 interrupted iterations
soak   [  16% ] 12/12 VUs  02m11.0s/13m30.0s

running (02m12.0s), 12/12 VUs, 85 complete and 0 interrupted iterations
soak   [  16% ] 12/12 VUs  02m12.0s/13m30.0s

running (02m13.0s), 12/12 VUs, 86 complete and 0 interrupted iterations
soak   [  16% ] 12/12 VUs  02m13.0s/13m30.0s

running (02m14.0s), 12/12 VUs, 86 complete and 0 interrupted iterations
soak   [  17% ] 12/12 VUs  02m14.0s/13m30.0s

running (02m15.0s), 12/12 VUs, 86 complete and 0 interrupted iterations
soak   [  17% ] 12/12 VUs  02m15.0s/13m30.0s

running (02m16.0s), 12/12 VUs, 87 complete and 0 interrupted iterations
soak   [  17% ] 12/12 VUs  02m16.0s/13m30.0s

running (02m17.0s), 12/12 VUs, 88 complete and 0 interrupted iterations
soak   [  17% ] 12/12 VUs  02m17.0s/13m30.0s

running (02m18.0s), 12/12 VUs, 90 complete and 0 interrupted iterations
soak   [  17% ] 12/12 VUs  02m18.0s/13m30.0s

running (02m19.0s), 12/12 VUs, 92 complete and 0 interrupted iterations
soak   [  17% ] 12/12 VUs  02m19.0s/13m30.0s

running (02m20.0s), 12/12 VUs, 92 complete and 0 interrupted iterations
soak   [  17% ] 12/12 VUs  02m20.0s/13m30.0s

running (02m21.0s), 12/12 VUs, 92 complete and 0 interrupted iterations
soak   [  17% ] 12/12 VUs  02m21.0s/13m30.0s

running (02m22.0s), 12/12 VUs, 93 complete and 0 interrupted iterations
soak   [  18% ] 12/12 VUs  02m22.0s/13m30.0s

running (02m23.0s), 12/12 VUs, 94 complete and 0 interrupted iterations
soak   [  18% ] 12/12 VUs  02m23.0s/13m30.0s

running (02m24.0s), 12/12 VUs, 95 complete and 0 interrupted iterations
soak   [  18% ] 12/12 VUs  02m24.0s/13m30.0s

running (02m25.0s), 12/12 VUs, 97 complete and 0 interrupted iterations
soak   [  18% ] 12/12 VUs  02m25.0s/13m30.0s

running (02m26.0s), 12/12 VUs, 98 complete and 0 interrupted iterations
soak   [  18% ] 12/12 VUs  02m26.0s/13m30.0s

running (02m27.0s), 12/12 VUs, 98 complete and 0 interrupted iterations
soak   [  18% ] 12/12 VUs  02m27.0s/13m30.0s

running (02m28.0s), 12/12 VUs, 98 complete and 0 interrupted iterations
soak   [  18% ] 12/12 VUs  02m28.0s/13m30.0s

running (02m29.0s), 12/12 VUs, 100 complete and 0 interrupted iterations
soak   [  18% ] 12/12 VUs  02m29.0s/13m30.0s

running (02m30.0s), 12/12 VUs, 100 complete and 0 interrupted iterations
soak   [  19% ] 12/12 VUs  02m30.0s/13m30.0s

running (02m31.0s), 12/12 VUs, 102 complete and 0 interrupted iterations
soak   [  19% ] 12/12 VUs  02m31.0s/13m30.0s

running (02m32.0s), 12/12 VUs, 102 complete and 0 interrupted iterations
soak   [  19% ] 12/12 VUs  02m32.0s/13m30.0s

running (02m33.0s), 12/12 VUs, 104 complete and 0 interrupted iterations
soak   [  19% ] 12/12 VUs  02m33.0s/13m30.0s

running (02m34.0s), 12/12 VUs, 104 complete and 0 interrupted iterations
soak   [  19% ] 12/12 VUs  02m34.0s/13m30.0s

running (02m35.0s), 12/12 VUs, 105 complete and 0 interrupted iterations
soak   [  19% ] 12/12 VUs  02m35.0s/13m30.0s

running (02m36.0s), 12/12 VUs, 106 complete and 0 interrupted iterations
soak   [  19% ] 12/12 VUs  02m36.0s/13m30.0s

running (02m37.0s), 12/12 VUs, 108 complete and 0 interrupted iterations
soak   [  19% ] 12/12 VUs  02m37.0s/13m30.0s

running (02m38.0s), 12/12 VUs, 108 complete and 0 interrupted iterations
soak   [  20% ] 12/12 VUs  02m38.0s/13m30.0s

running (02m39.0s), 12/12 VUs, 108 complete and 0 interrupted iterations
soak   [  20% ] 12/12 VUs  02m39.0s/13m30.0s

running (02m40.0s), 12/12 VUs, 109 complete and 0 interrupted iterations
soak   [  20% ] 12/12 VUs  02m40.0s/13m30.0s

running (02m41.0s), 12/12 VUs, 109 complete and 0 interrupted iterations
soak   [  20% ] 12/12 VUs  02m41.0s/13m30.0s

running (02m42.0s), 12/12 VUs, 110 complete and 0 interrupted iterations
soak   [  20% ] 12/12 VUs  02m42.0s/13m30.0s

running (02m43.0s), 12/12 VUs, 112 complete and 0 interrupted iterations
soak   [  20% ] 12/12 VUs  02m43.0s/13m30.0s

running (02m44.0s), 12/12 VUs, 113 complete and 0 interrupted iterations
soak   [  20% ] 12/12 VUs  02m44.0s/13m30.0s

running (02m45.0s), 12/12 VUs, 114 complete and 0 interrupted iterations
soak   [  20% ] 12/12 VUs  02m45.0s/13m30.0s

running (02m46.0s), 12/12 VUs, 116 complete and 0 interrupted iterations
soak   [  20% ] 12/12 VUs  02m46.0s/13m30.0s

running (02m47.0s), 12/12 VUs, 116 complete and 0 interrupted iterations
soak   [  21% ] 12/12 VUs  02m47.0s/13m30.0s

running (02m48.0s), 12/12 VUs, 117 complete and 0 interrupted iterations
soak   [  21% ] 12/12 VUs  02m48.0s/13m30.0s

running (02m49.0s), 12/12 VUs, 118 complete and 0 interrupted iterations
soak   [  21% ] 12/12 VUs  02m49.0s/13m30.0s

running (02m50.0s), 12/12 VUs, 118 complete and 0 interrupted iterations
soak   [  21% ] 12/12 VUs  02m50.0s/13m30.0s

running (02m51.0s), 12/12 VUs, 118 complete and 0 interrupted iterations
soak   [  21% ] 12/12 VUs  02m51.0s/13m30.0s

running (02m52.0s), 12/12 VUs, 119 complete and 0 interrupted iterations
soak   [  21% ] 12/12 VUs  02m52.0s/13m30.0s

running (02m53.0s), 12/12 VUs, 120 complete and 0 interrupted iterations
soak   [  21% ] 12/12 VUs  02m53.0s/13m30.0s

running (02m54.0s), 12/12 VUs, 121 complete and 0 interrupted iterations
soak   [  21% ] 12/12 VUs  02m54.0s/13m30.0s

running (02m55.0s), 12/12 VUs, 122 complete and 0 interrupted iterations
soak   [  22% ] 12/12 VUs  02m55.0s/13m30.0s

running (02m56.0s), 12/12 VUs, 123 complete and 0 interrupted iterations
soak   [  22% ] 12/12 VUs  02m56.0s/13m30.0s

running (02m57.0s), 12/12 VUs, 126 complete and 0 interrupted iterations
soak   [  22% ] 12/12 VUs  02m57.0s/13m30.0s

running (02m58.0s), 12/12 VUs, 127 complete and 0 interrupted iterations
soak   [  22% ] 12/12 VUs  02m58.0s/13m30.0s

running (02m59.0s), 12/12 VUs, 128 complete and 0 interrupted iterations
soak   [  22% ] 12/12 VUs  02m59.0s/13m30.0s

running (03m00.0s), 12/12 VUs, 128 complete and 0 interrupted iterations
soak   [  22% ] 12/12 VUs  03m00.0s/13m30.0s

running (03m01.0s), 12/12 VUs, 129 complete and 0 interrupted iterations
soak   [  22% ] 12/12 VUs  03m01.0s/13m30.0s

running (03m02.0s), 12/12 VUs, 129 complete and 0 interrupted iterations
soak   [  22% ] 12/12 VUs  03m02.0s/13m30.0s

running (03m03.0s), 12/12 VUs, 130 complete and 0 interrupted iterations
soak   [  23% ] 12/12 VUs  03m03.0s/13m30.0s

running (03m04.0s), 12/12 VUs, 131 complete and 0 interrupted iterations
soak   [  23% ] 12/12 VUs  03m04.0s/13m30.0s

running (03m05.0s), 12/12 VUs, 131 complete and 0 interrupted iterations
soak   [  23% ] 12/12 VUs  03m05.0s/13m30.0s

running (03m06.0s), 12/12 VUs, 132 complete and 0 interrupted iterations
soak   [  23% ] 12/12 VUs  03m06.0s/13m30.0s

running (03m07.0s), 12/12 VUs, 133 complete and 0 interrupted iterations
soak   [  23% ] 12/12 VUs  03m07.0s/13m30.0s

running (03m08.0s), 12/12 VUs, 133 complete and 0 interrupted iterations
soak   [  23% ] 12/12 VUs  03m08.0s/13m30.0s

running (03m09.0s), 12/12 VUs, 134 complete and 0 interrupted iterations
soak   [  23% ] 12/12 VUs  03m09.0s/13m30.0s

running (03m10.0s), 12/12 VUs, 136 complete and 0 interrupted iterations
soak   [  23% ] 12/12 VUs  03m10.0s/13m30.0s

running (03m11.0s), 12/12 VUs, 137 complete and 0 interrupted iterations
soak   [  24% ] 12/12 VUs  03m11.0s/13m30.0s

running (03m12.0s), 12/12 VUs, 140 complete and 0 interrupted iterations
soak   [  24% ] 12/12 VUs  03m12.0s/13m30.0s

running (03m13.0s), 12/12 VUs, 141 complete and 0 interrupted iterations
soak   [  24% ] 12/12 VUs  03m13.0s/13m30.0s

running (03m14.0s), 12/12 VUs, 141 complete and 0 interrupted iterations
soak   [  24% ] 12/12 VUs  03m14.0s/13m30.0s

running (03m15.0s), 12/12 VUs, 141 complete and 0 interrupted iterations
soak   [  24% ] 12/12 VUs  03m15.0s/13m30.0s

running (03m16.0s), 12/12 VUs, 142 complete and 0 interrupted iterations
soak   [  24% ] 12/12 VUs  03m16.0s/13m30.0s

running (03m17.0s), 12/12 VUs, 143 complete and 0 interrupted iterations
soak   [  24% ] 12/12 VUs  03m17.0s/13m30.0s

running (03m18.0s), 12/12 VUs, 143 complete and 0 interrupted iterations
soak   [  24% ] 12/12 VUs  03m18.0s/13m30.0s

running (03m19.0s), 12/12 VUs, 144 complete and 0 interrupted iterations
soak   [  25% ] 12/12 VUs  03m19.0s/13m30.0s

running (03m20.0s), 12/12 VUs, 144 complete and 0 interrupted iterations
soak   [  25% ] 12/12 VUs  03m20.0s/13m30.0s

running (03m21.0s), 12/12 VUs, 145 complete and 0 interrupted iterations
soak   [  25% ] 12/12 VUs  03m21.0s/13m30.0s

running (03m22.0s), 12/12 VUs, 145 complete and 0 interrupted iterations
soak   [  25% ] 12/12 VUs  03m22.0s/13m30.0s

running (03m23.0s), 12/12 VUs, 147 complete and 0 interrupted iterations
soak   [  25% ] 12/12 VUs  03m23.0s/13m30.0s

running (03m24.0s), 12/12 VUs, 148 complete and 0 interrupted iterations
soak   [  25% ] 12/12 VUs  03m24.0s/13m30.0s

running (03m25.0s), 12/12 VUs, 149 complete and 0 interrupted iterations
soak   [  25% ] 12/12 VUs  03m25.0s/13m30.0s

running (03m26.0s), 12/12 VUs, 153 complete and 0 interrupted iterations
soak   [  25% ] 12/12 VUs  03m26.0s/13m30.0s

running (03m27.0s), 12/12 VUs, 153 complete and 0 interrupted iterations
soak   [  26% ] 12/12 VUs  03m27.0s/13m30.0s

running (03m28.0s), 12/12 VUs, 153 complete and 0 interrupted iterations
soak   [  26% ] 12/12 VUs  03m28.0s/13m30.0s

running (03m29.0s), 12/12 VUs, 153 complete and 0 interrupted iterations
soak   [  26% ] 12/12 VUs  03m29.0s/13m30.0s

running (03m30.0s), 12/12 VUs, 153 complete and 0 interrupted iterations
soak   [  26% ] 12/12 VUs  03m30.0s/13m30.0s

running (03m31.0s), 12/12 VUs, 156 complete and 0 interrupted iterations
soak   [  26% ] 12/12 VUs  03m31.0s/13m30.0s

running (03m32.0s), 12/12 VUs, 156 complete and 0 interrupted iterations
soak   [  26% ] 12/12 VUs  03m32.0s/13m30.0s

running (03m33.0s), 12/12 VUs, 157 complete and 0 interrupted iterations
soak   [  26% ] 12/12 VUs  03m33.0s/13m30.0s

running (03m34.0s), 12/12 VUs, 157 complete and 0 interrupted iterations
soak   [  26% ] 12/12 VUs  03m34.0s/13m30.0s

running (03m35.0s), 12/12 VUs, 158 complete and 0 interrupted iterations
soak   [  27% ] 12/12 VUs  03m35.0s/13m30.0s

running (03m36.0s), 12/12 VUs, 158 complete and 0 interrupted iterations
soak   [  27% ] 12/12 VUs  03m36.0s/13m30.0s

running (03m37.0s), 12/12 VUs, 160 complete and 0 interrupted iterations
soak   [  27% ] 12/12 VUs  03m37.0s/13m30.0s

running (03m38.0s), 12/12 VUs, 161 complete and 0 interrupted iterations
soak   [  27% ] 12/12 VUs  03m38.0s/13m30.0s

running (03m39.0s), 12/12 VUs, 163 complete and 0 interrupted iterations
soak   [  27% ] 12/12 VUs  03m39.0s/13m30.0s

running (03m40.0s), 12/12 VUs, 164 complete and 0 interrupted iterations
soak   [  27% ] 12/12 VUs  03m40.0s/13m30.0s

running (03m41.0s), 12/12 VUs, 165 complete and 0 interrupted iterations
soak   [  27% ] 12/12 VUs  03m41.0s/13m30.0s

running (03m42.0s), 12/12 VUs, 165 complete and 0 interrupted iterations
soak   [  27% ] 12/12 VUs  03m42.0s/13m30.0s

running (03m43.0s), 12/12 VUs, 165 complete and 0 interrupted iterations
soak   [  28% ] 12/12 VUs  03m43.0s/13m30.0s

running (03m44.0s), 12/12 VUs, 165 complete and 0 interrupted iterations
soak   [  28% ] 12/12 VUs  03m44.0s/13m30.0s

running (03m45.0s), 12/12 VUs, 168 complete and 0 interrupted iterations
soak   [  28% ] 12/12 VUs  03m45.0s/13m30.0s

running (03m46.0s), 12/12 VUs, 169 complete and 0 interrupted iterations
soak   [  28% ] 12/12 VUs  03m46.0s/13m30.0s

running (03m47.0s), 12/12 VUs, 169 complete and 0 interrupted iterations
soak   [  28% ] 12/12 VUs  03m47.0s/13m30.0s

running (03m48.0s), 12/12 VUs, 169 complete and 0 interrupted iterations
soak   [  28% ] 12/12 VUs  03m48.0s/13m30.0s

running (03m49.0s), 12/12 VUs, 170 complete and 0 interrupted iterations
soak   [  28% ] 12/12 VUs  03m49.0s/13m30.0s

running (03m50.0s), 12/12 VUs, 172 complete and 0 interrupted iterations
soak   [  28% ] 12/12 VUs  03m50.0s/13m30.0s

running (03m51.0s), 12/12 VUs, 173 complete and 0 interrupted iterations
soak   [  29% ] 12/12 VUs  03m51.0s/13m30.0s

running (03m52.0s), 12/12 VUs, 175 complete and 0 interrupted iterations
soak   [  29% ] 12/12 VUs  03m52.0s/13m30.0s

running (03m53.0s), 12/12 VUs, 176 complete and 0 interrupted iterations
soak   [  29% ] 12/12 VUs  03m53.0s/13m30.0s

running (03m54.0s), 12/12 VUs, 177 complete and 0 interrupted iterations
soak   [  29% ] 12/12 VUs  03m54.0s/13m30.0s

running (03m55.0s), 12/12 VUs, 177 complete and 0 interrupted iterations
soak   [  29% ] 12/12 VUs  03m55.0s/13m30.0s

running (03m56.0s), 12/12 VUs, 177 complete and 0 interrupted iterations
soak   [  29% ] 12/12 VUs  03m56.0s/13m30.0s

running (03m57.0s), 12/12 VUs, 177 complete and 0 interrupted iterations
soak   [  29% ] 12/12 VUs  03m57.0s/13m30.0s

running (03m58.0s), 12/12 VUs, 180 complete and 0 interrupted iterations
soak   [  29% ] 12/12 VUs  03m58.0s/13m30.0s

running (03m59.0s), 12/12 VUs, 181 complete and 0 interrupted iterations
soak   [  30% ] 12/12 VUs  03m59.0s/13m30.0s

running (04m00.0s), 12/12 VUs, 181 complete and 0 interrupted iterations
soak   [  30% ] 12/12 VUs  04m00.0s/13m30.0s

running (04m01.0s), 12/12 VUs, 181 complete and 0 interrupted iterations
soak   [  30% ] 12/12 VUs  04m01.0s/13m30.0s

running (04m02.0s), 12/12 VUs, 181 complete and 0 interrupted iterations
soak   [  30% ] 12/12 VUs  04m02.0s/13m30.0s

running (04m03.0s), 12/12 VUs, 182 complete and 0 interrupted iterations
soak   [  30% ] 12/12 VUs  04m03.0s/13m30.0s

running (04m04.0s), 12/12 VUs, 183 complete and 0 interrupted iterations
soak   [  30% ] 12/12 VUs  04m04.0s/13m30.0s

running (04m05.0s), 12/12 VUs, 185 complete and 0 interrupted iterations
soak   [  30% ] 12/12 VUs  04m05.0s/13m30.0s

running (04m06.0s), 12/12 VUs, 187 complete and 0 interrupted iterations
soak   [  30% ] 12/12 VUs  04m06.0s/13m30.0s

running (04m07.0s), 12/12 VUs, 188 complete and 0 interrupted iterations
soak   [  30% ] 12/12 VUs  04m07.0s/13m30.0s

running (04m08.0s), 12/12 VUs, 189 complete and 0 interrupted iterations
soak   [  31% ] 12/12 VUs  04m08.0s/13m30.0s

running (04m09.0s), 12/12 VUs, 189 complete and 0 interrupted iterations
soak   [  31% ] 12/12 VUs  04m09.0s/13m30.0s

running (04m10.0s), 12/12 VUs, 190 complete and 0 interrupted iterations
soak   [  31% ] 12/12 VUs  04m10.0s/13m30.0s

running (04m11.0s), 12/12 VUs, 192 complete and 0 interrupted iterations
soak   [  31% ] 12/12 VUs  04m11.0s/13m30.0s

running (04m12.0s), 12/12 VUs, 192 complete and 0 interrupted iterations
soak   [  31% ] 12/12 VUs  04m12.0s/13m30.0s

running (04m13.0s), 12/12 VUs, 193 complete and 0 interrupted iterations
soak   [  31% ] 12/12 VUs  04m13.0s/13m30.0s

running (04m14.0s), 12/12 VUs, 193 complete and 0 interrupted iterations
soak   [  31% ] 12/12 VUs  04m14.0s/13m30.0s

running (04m15.0s), 12/12 VUs, 193 complete and 0 interrupted iterations
soak   [  31% ] 12/12 VUs  04m15.0s/13m30.0s

running (04m16.0s), 12/12 VUs, 194 complete and 0 interrupted iterations
soak   [  32% ] 12/12 VUs  04m16.0s/13m30.0s

running (04m17.0s), 12/12 VUs, 194 complete and 0 interrupted iterations
soak   [  32% ] 12/12 VUs  04m17.0s/13m30.0s

running (04m18.0s), 12/12 VUs, 194 complete and 0 interrupted iterations
soak   [  32% ] 12/12 VUs  04m18.0s/13m30.0s

running (04m19.0s), 12/12 VUs, 198 complete and 0 interrupted iterations
soak   [  32% ] 12/12 VUs  04m19.0s/13m30.0s

running (04m20.0s), 12/12 VUs, 199 complete and 0 interrupted iterations
soak   [  32% ] 12/12 VUs  04m20.0s/13m30.0s

running (04m21.0s), 12/12 VUs, 201 complete and 0 interrupted iterations
soak   [  32% ] 12/12 VUs  04m21.0s/13m30.0s

running (04m22.0s), 12/12 VUs, 201 complete and 0 interrupted iterations
soak   [  32% ] 12/12 VUs  04m22.0s/13m30.0s

running (04m23.0s), 12/12 VUs, 201 complete and 0 interrupted iterations
soak   [  32% ] 12/12 VUs  04m23.0s/13m30.0s

running (04m24.0s), 12/12 VUs, 202 complete and 0 interrupted iterations
soak   [  33% ] 12/12 VUs  04m24.0s/13m30.0s

running (04m25.0s), 12/12 VUs, 204 complete and 0 interrupted iterations
soak   [  33% ] 12/12 VUs  04m25.0s/13m30.0s

running (04m26.0s), 12/12 VUs, 204 complete and 0 interrupted iterations
soak   [  33% ] 12/12 VUs  04m26.0s/13m30.0s

running (04m27.0s), 12/12 VUs, 205 complete and 0 interrupted iterations
soak   [  33% ] 12/12 VUs  04m27.0s/13m30.0s

running (04m28.0s), 12/12 VUs, 205 complete and 0 interrupted iterations
soak   [  33% ] 12/12 VUs  04m28.0s/13m30.0s

running (04m29.0s), 12/12 VUs, 205 complete and 0 interrupted iterations
soak   [  33% ] 12/12 VUs  04m29.0s/13m30.0s

running (04m30.0s), 12/12 VUs, 206 complete and 0 interrupted iterations
soak   [  33% ] 12/12 VUs  04m30.0s/13m30.0s

running (04m31.0s), 12/12 VUs, 207 complete and 0 interrupted iterations
soak   [  33% ] 12/12 VUs  04m31.0s/13m30.0s

running (04m32.0s), 12/12 VUs, 209 complete and 0 interrupted iterations
soak   [  34% ] 12/12 VUs  04m32.0s/13m30.0s

running (04m33.0s), 12/12 VUs, 210 complete and 0 interrupted iterations
soak   [  34% ] 12/12 VUs  04m33.0s/13m30.0s

running (04m34.0s), 12/12 VUs, 210 complete and 0 interrupted iterations
soak   [  34% ] 12/12 VUs  04m34.0s/13m30.0s

running (04m35.0s), 12/12 VUs, 213 complete and 0 interrupted iterations
soak   [  34% ] 12/12 VUs  04m35.0s/13m30.0s

running (04m36.0s), 12/12 VUs, 214 complete and 0 interrupted iterations
soak   [  34% ] 12/12 VUs  04m36.0s/13m30.0s

running (04m37.0s), 12/12 VUs, 215 complete and 0 interrupted iterations
soak   [  34% ] 12/12 VUs  04m37.0s/13m30.0s

running (04m38.0s), 12/12 VUs, 215 complete and 0 interrupted iterations
soak   [  34% ] 12/12 VUs  04m38.0s/13m30.0s

running (04m39.0s), 12/12 VUs, 216 complete and 0 interrupted iterations
soak   [  34% ] 12/12 VUs  04m39.0s/13m30.0s

running (04m40.0s), 12/12 VUs, 217 complete and 0 interrupted iterations
soak   [  35% ] 12/12 VUs  04m40.0s/13m30.0s

running (04m41.0s), 12/12 VUs, 217 complete and 0 interrupted iterations
soak   [  35% ] 12/12 VUs  04m41.0s/13m30.0s

running (04m42.0s), 12/12 VUs, 217 complete and 0 interrupted iterations
soak   [  35% ] 12/12 VUs  04m42.0s/13m30.0s

running (04m43.0s), 12/12 VUs, 217 complete and 0 interrupted iterations
soak   [  35% ] 12/12 VUs  04m43.0s/13m30.0s

running (04m44.0s), 12/12 VUs, 218 complete and 0 interrupted iterations
soak   [  35% ] 12/12 VUs  04m44.0s/13m30.0s

running (04m45.0s), 12/12 VUs, 221 complete and 0 interrupted iterations
soak   [  35% ] 12/12 VUs  04m45.0s/13m30.0s

running (04m46.0s), 12/12 VUs, 222 complete and 0 interrupted iterations
soak   [  35% ] 12/12 VUs  04m46.0s/13m30.0s

running (04m47.0s), 12/12 VUs, 223 complete and 0 interrupted iterations
soak   [  35% ] 12/12 VUs  04m47.0s/13m30.0s

running (04m48.0s), 12/12 VUs, 223 complete and 0 interrupted iterations
soak   [  36% ] 12/12 VUs  04m48.0s/13m30.0s

running (04m49.0s), 12/12 VUs, 225 complete and 0 interrupted iterations
soak   [  36% ] 12/12 VUs  04m49.0s/13m30.0s

running (04m50.0s), 12/12 VUs, 226 complete and 0 interrupted iterations
soak   [  36% ] 12/12 VUs  04m50.0s/13m30.0s

running (04m51.0s), 12/12 VUs, 228 complete and 0 interrupted iterations
soak   [  36% ] 12/12 VUs  04m51.0s/13m30.0s

running (04m52.0s), 12/12 VUs, 228 complete and 0 interrupted iterations
soak   [  36% ] 12/12 VUs  04m52.0s/13m30.0s

running (04m53.0s), 12/12 VUs, 228 complete and 0 interrupted iterations
soak   [  36% ] 12/12 VUs  04m53.0s/13m30.0s

running (04m54.0s), 12/12 VUs, 228 complete and 0 interrupted iterations
soak   [  36% ] 12/12 VUs  04m54.0s/13m30.0s

running (04m55.0s), 12/12 VUs, 229 complete and 0 interrupted iterations
soak   [  36% ] 12/12 VUs  04m55.0s/13m30.0s

running (04m56.0s), 12/12 VUs, 230 complete and 0 interrupted iterations
soak   [  37% ] 12/12 VUs  04m56.0s/13m30.0s

running (04m57.0s), 12/12 VUs, 232 complete and 0 interrupted iterations
soak   [  37% ] 12/12 VUs  04m57.0s/13m30.0s

running (04m58.0s), 12/12 VUs, 233 complete and 0 interrupted iterations
soak   [  37% ] 12/12 VUs  04m58.0s/13m30.0s

running (04m59.0s), 12/12 VUs, 233 complete and 0 interrupted iterations
soak   [  37% ] 12/12 VUs  04m59.0s/13m30.0s

running (05m00.0s), 12/12 VUs, 235 complete and 0 interrupted iterations
soak   [  37% ] 12/12 VUs  05m00.0s/13m30.0s

running (05m01.0s), 12/12 VUs, 235 complete and 0 interrupted iterations
soak   [  37% ] 12/12 VUs  05m01.0s/13m30.0s

running (05m02.0s), 12/12 VUs, 237 complete and 0 interrupted iterations
soak   [  37% ] 12/12 VUs  05m02.0s/13m30.0s

running (05m03.0s), 12/12 VUs, 237 complete and 0 interrupted iterations
soak   [  37% ] 12/12 VUs  05m03.0s/13m30.0s

running (05m04.0s), 12/12 VUs, 240 complete and 0 interrupted iterations
soak   [  38% ] 12/12 VUs  05m04.0s/13m30.0s

running (05m05.0s), 12/12 VUs, 240 complete and 0 interrupted iterations
soak   [  38% ] 12/12 VUs  05m05.0s/13m30.0s

running (05m06.0s), 12/12 VUs, 240 complete and 0 interrupted iterations
soak   [  38% ] 12/12 VUs  05m06.0s/13m30.0s

running (05m07.0s), 12/12 VUs, 240 complete and 0 interrupted iterations
soak   [  38% ] 12/12 VUs  05m07.0s/13m30.0s

running (05m08.0s), 12/12 VUs, 240 complete and 0 interrupted iterations
soak   [  38% ] 12/12 VUs  05m08.0s/13m30.0s

running (05m09.0s), 12/12 VUs, 241 complete and 0 interrupted iterations
soak   [  38% ] 12/12 VUs  05m09.0s/13m30.0s

running (05m10.0s), 12/12 VUs, 241 complete and 0 interrupted iterations
soak   [  38% ] 12/12 VUs  05m10.0s/13m30.0s

running (05m11.0s), 12/12 VUs, 243 complete and 0 interrupted iterations
soak   [  38% ] 12/12 VUs  05m11.0s/13m30.0s

running (05m12.0s), 12/12 VUs, 245 complete and 0 interrupted iterations
soak   [  39% ] 12/12 VUs  05m12.0s/13m30.0s

running (05m13.0s), 12/12 VUs, 247 complete and 0 interrupted iterations
soak   [  39% ] 12/12 VUs  05m13.0s/13m30.0s

running (05m14.0s), 12/12 VUs, 249 complete and 0 interrupted iterations
soak   [  39% ] 12/12 VUs  05m14.0s/13m30.0s

running (05m15.0s), 12/12 VUs, 250 complete and 0 interrupted iterations
soak   [  39% ] 12/12 VUs  05m15.0s/13m30.0s

running (05m16.0s), 12/12 VUs, 250 complete and 0 interrupted iterations
soak   [  39% ] 12/12 VUs  05m16.0s/13m30.0s

running (05m17.0s), 12/12 VUs, 251 complete and 0 interrupted iterations
soak   [  39% ] 12/12 VUs  05m17.0s/13m30.0s

running (05m18.0s), 12/12 VUs, 251 complete and 0 interrupted iterations
soak   [  39% ] 12/12 VUs  05m18.0s/13m30.0s

running (05m19.0s), 12/12 VUs, 252 complete and 0 interrupted iterations
soak   [  39% ] 12/12 VUs  05m19.0s/13m30.0s

running (05m20.0s), 12/12 VUs, 252 complete and 0 interrupted iterations
soak   [  40% ] 12/12 VUs  05m20.0s/13m30.0s

running (05m21.0s), 12/12 VUs, 253 complete and 0 interrupted iterations
soak   [  40% ] 12/12 VUs  05m21.0s/13m30.0s

running (05m22.0s), 12/12 VUs, 253 complete and 0 interrupted iterations
soak   [  40% ] 12/12 VUs  05m22.0s/13m30.0s

running (05m23.0s), 12/12 VUs, 253 complete and 0 interrupted iterations
soak   [  40% ] 12/12 VUs  05m23.0s/13m30.0s

running (05m24.0s), 12/12 VUs, 254 complete and 0 interrupted iterations
soak   [  40% ] 12/12 VUs  05m24.0s/13m30.0s

running (05m25.0s), 12/12 VUs, 255 complete and 0 interrupted iterations
soak   [  40% ] 12/12 VUs  05m25.0s/13m30.0s

running (05m26.0s), 12/12 VUs, 257 complete and 0 interrupted iterations
soak   [  40% ] 12/12 VUs  05m26.0s/13m30.0s

running (05m27.0s), 12/12 VUs, 260 complete and 0 interrupted iterations
soak   [  40% ] 12/12 VUs  05m27.0s/13m30.0s

running (05m28.0s), 12/12 VUs, 262 complete and 0 interrupted iterations
soak   [  40% ] 12/12 VUs  05m28.0s/13m30.0s

running (05m29.0s), 12/12 VUs, 262 complete and 0 interrupted iterations
soak   [  41% ] 12/12 VUs  05m29.0s/13m30.0s

running (05m30.0s), 12/12 VUs, 262 complete and 0 interrupted iterations
soak   [  41% ] 12/12 VUs  05m30.0s/13m30.0s

running (05m31.0s), 12/12 VUs, 262 complete and 0 interrupted iterations
soak   [  41% ] 12/12 VUs  05m31.0s/13m30.0s

running (05m32.0s), 12/12 VUs, 263 complete and 0 interrupted iterations
soak   [  41% ] 12/12 VUs  05m32.0s/13m30.0s

running (05m33.0s), 12/12 VUs, 264 complete and 0 interrupted iterations
soak   [  41% ] 12/12 VUs  05m33.0s/13m30.0s

running (05m34.0s), 12/12 VUs, 265 complete and 0 interrupted iterations
soak   [  41% ] 12/12 VUs  05m34.0s/13m30.0s

running (05m35.0s), 12/12 VUs, 265 complete and 0 interrupted iterations
soak   [  41% ] 12/12 VUs  05m35.0s/13m30.0s

running (05m36.0s), 12/12 VUs, 265 complete and 0 interrupted iterations
soak   [  41% ] 12/12 VUs  05m36.0s/13m30.0s

running (05m37.0s), 12/12 VUs, 266 complete and 0 interrupted iterations
soak   [  42% ] 12/12 VUs  05m37.0s/13m30.0s

running (05m38.0s), 12/12 VUs, 268 complete and 0 interrupted iterations
soak   [  42% ] 12/12 VUs  05m38.0s/13m30.0s

running (05m39.0s), 12/12 VUs, 268 complete and 0 interrupted iterations
soak   [  42% ] 12/12 VUs  05m39.0s/13m30.0s

running (05m40.0s), 12/12 VUs, 270 complete and 0 interrupted iterations
soak   [  42% ] 12/12 VUs  05m40.0s/13m30.0s

running (05m41.0s), 12/12 VUs, 271 complete and 0 interrupted iterations
soak   [  42% ] 12/12 VUs  05m41.0s/13m30.0s

running (05m42.0s), 12/12 VUs, 272 complete and 0 interrupted iterations
soak   [  42% ] 12/12 VUs  05m42.0s/13m30.0s

running (05m43.0s), 12/12 VUs, 274 complete and 0 interrupted iterations
soak   [  42% ] 12/12 VUs  05m43.0s/13m30.0s

running (05m44.0s), 12/12 VUs, 274 complete and 0 interrupted iterations
soak   [  42% ] 12/12 VUs  05m44.0s/13m30.0s

running (05m45.0s), 12/12 VUs, 274 complete and 0 interrupted iterations
soak   [  43% ] 12/12 VUs  05m45.0s/13m30.0s

running (05m46.0s), 12/12 VUs, 277 complete and 0 interrupted iterations
soak   [  43% ] 12/12 VUs  05m46.0s/13m30.0s

running (05m47.0s), 12/12 VUs, 277 complete and 0 interrupted iterations
soak   [  43% ] 12/12 VUs  05m47.0s/13m30.0s

running (05m48.0s), 12/12 VUs, 277 complete and 0 interrupted iterations
soak   [  43% ] 12/12 VUs  05m48.0s/13m30.0s

running (05m49.0s), 12/12 VUs, 279 complete and 0 interrupted iterations
soak   [  43% ] 12/12 VUs  05m49.0s/13m30.0s

running (05m50.0s), 12/12 VUs, 279 complete and 0 interrupted iterations
soak   [  43% ] 12/12 VUs  05m50.0s/13m30.0s

running (05m51.0s), 12/12 VUs, 279 complete and 0 interrupted iterations
soak   [  43% ] 12/12 VUs  05m51.0s/13m30.0s

running (05m52.0s), 12/12 VUs, 279 complete and 0 interrupted iterations
soak   [  43% ] 12/12 VUs  05m52.0s/13m30.0s

running (05m53.0s), 12/12 VUs, 281 complete and 0 interrupted iterations
soak   [  44% ] 12/12 VUs  05m53.0s/13m30.0s

running (05m54.0s), 12/12 VUs, 282 complete and 0 interrupted iterations
soak   [  44% ] 12/12 VUs  05m54.0s/13m30.0s

running (05m55.0s), 12/12 VUs, 284 complete and 0 interrupted iterations
soak   [  44% ] 12/12 VUs  05m55.0s/13m30.0s

running (05m56.0s), 12/12 VUs, 285 complete and 0 interrupted iterations
soak   [  44% ] 12/12 VUs  05m56.0s/13m30.0s

running (05m57.0s), 12/12 VUs, 285 complete and 0 interrupted iterations
soak   [  44% ] 12/12 VUs  05m57.0s/13m30.0s

running (05m58.0s), 12/12 VUs, 286 complete and 0 interrupted iterations
soak   [  44% ] 12/12 VUs  05m58.0s/13m30.0s

running (05m59.0s), 12/12 VUs, 289 complete and 0 interrupted iterations
soak   [  44% ] 12/12 VUs  05m59.0s/13m30.0s

running (06m00.0s), 12/12 VUs, 289 complete and 0 interrupted iterations
soak   [  44% ] 12/12 VUs  06m00.0s/13m30.0s

running (06m01.0s), 12/12 VUs, 290 complete and 0 interrupted iterations
soak   [  45% ] 12/12 VUs  06m01.0s/13m30.0s

running (06m02.0s), 12/12 VUs, 290 complete and 0 interrupted iterations
soak   [  45% ] 12/12 VUs  06m02.0s/13m30.0s

running (06m03.0s), 12/12 VUs, 290 complete and 0 interrupted iterations
soak   [  45% ] 12/12 VUs  06m03.0s/13m30.0s

running (06m04.0s), 12/12 VUs, 290 complete and 0 interrupted iterations
soak   [  45% ] 12/12 VUs  06m04.0s/13m30.0s

running (06m05.0s), 12/12 VUs, 291 complete and 0 interrupted iterations
soak   [  45% ] 12/12 VUs  06m05.0s/13m30.0s

running (06m06.0s), 12/12 VUs, 291 complete and 0 interrupted iterations
soak   [  45% ] 12/12 VUs  06m06.0s/13m30.0s

running (06m07.0s), 12/12 VUs, 293 complete and 0 interrupted iterations
soak   [  45% ] 12/12 VUs  06m07.0s/13m30.0s

running (06m08.0s), 12/12 VUs, 295 complete and 0 interrupted iterations
soak   [  45% ] 12/12 VUs  06m08.0s/13m30.0s

running (06m09.0s), 12/12 VUs, 296 complete and 0 interrupted iterations
soak   [  46% ] 12/12 VUs  06m09.0s/13m30.0s

running (06m10.0s), 12/12 VUs, 297 complete and 0 interrupted iterations
soak   [  46% ] 12/12 VUs  06m10.0s/13m30.0s

running (06m11.0s), 12/12 VUs, 298 complete and 0 interrupted iterations
soak   [  46% ] 12/12 VUs  06m11.0s/13m30.0s

running (06m12.0s), 12/12 VUs, 300 complete and 0 interrupted iterations
soak   [  46% ] 12/12 VUs  06m12.0s/13m30.0s

running (06m13.0s), 12/12 VUs, 301 complete and 0 interrupted iterations
soak   [  46% ] 12/12 VUs  06m13.0s/13m30.0s

running (06m14.0s), 12/12 VUs, 302 complete and 0 interrupted iterations
soak   [  46% ] 12/12 VUs  06m14.0s/13m30.0s

running (06m15.0s), 12/12 VUs, 302 complete and 0 interrupted iterations
soak   [  46% ] 12/12 VUs  06m15.0s/13m30.0s

running (06m16.0s), 12/12 VUs, 302 complete and 0 interrupted iterations
soak   [  46% ] 12/12 VUs  06m16.0s/13m30.0s

running (06m17.0s), 12/12 VUs, 302 complete and 0 interrupted iterations
soak   [  47% ] 12/12 VUs  06m17.0s/13m30.0s

running (06m18.0s), 12/12 VUs, 303 complete and 0 interrupted iterations
soak   [  47% ] 12/12 VUs  06m18.0s/13m30.0s

running (06m19.0s), 12/12 VUs, 303 complete and 0 interrupted iterations
soak   [  47% ] 12/12 VUs  06m19.0s/13m30.0s

running (06m20.0s), 12/12 VUs, 303 complete and 0 interrupted iterations
soak   [  47% ] 12/12 VUs  06m20.0s/13m30.0s

running (06m21.0s), 12/12 VUs, 305 complete and 0 interrupted iterations
soak   [  47% ] 12/12 VUs  06m21.0s/13m30.0s

running (06m22.0s), 12/12 VUs, 307 complete and 0 interrupted iterations
soak   [  47% ] 12/12 VUs  06m22.0s/13m30.0s

running (06m23.0s), 12/12 VUs, 308 complete and 0 interrupted iterations
soak   [  47% ] 12/12 VUs  06m23.0s/13m30.0s

running (06m24.0s), 12/12 VUs, 309 complete and 0 interrupted iterations
soak   [  47% ] 12/12 VUs  06m24.0s/13m30.0s

running (06m25.0s), 12/12 VUs, 310 complete and 0 interrupted iterations
soak   [  48% ] 12/12 VUs  06m25.0s/13m30.0s

running (06m26.0s), 12/12 VUs, 312 complete and 0 interrupted iterations
soak   [  48% ] 12/12 VUs  06m26.0s/13m30.0s

running (06m27.0s), 12/12 VUs, 313 complete and 0 interrupted iterations
soak   [  48% ] 12/12 VUs  06m27.0s/13m30.0s

running (06m28.0s), 12/12 VUs, 314 complete and 0 interrupted iterations
soak   [  48% ] 12/12 VUs  06m28.0s/13m30.0s

running (06m29.0s), 12/12 VUs, 314 complete and 0 interrupted iterations
soak   [  48% ] 12/12 VUs  06m29.0s/13m30.0s

running (06m30.0s), 12/12 VUs, 315 complete and 0 interrupted iterations
soak   [  48% ] 12/12 VUs  06m30.0s/13m30.0s

running (06m31.0s), 12/12 VUs, 315 complete and 0 interrupted iterations
soak   [  48% ] 12/12 VUs  06m31.0s/13m30.0s

running (06m32.0s), 12/12 VUs, 315 complete and 0 interrupted iterations
soak   [  48% ] 12/12 VUs  06m32.0s/13m30.0s

running (06m33.0s), 12/12 VUs, 316 complete and 0 interrupted iterations
soak   [  49% ] 12/12 VUs  06m33.0s/13m30.0s

running (06m34.0s), 12/12 VUs, 316 complete and 0 interrupted iterations
soak   [  49% ] 12/12 VUs  06m34.0s/13m30.0s

running (06m35.0s), 12/12 VUs, 318 complete and 0 interrupted iterations
soak   [  49% ] 12/12 VUs  06m35.0s/13m30.0s

running (06m36.0s), 12/12 VUs, 319 complete and 0 interrupted iterations
soak   [  49% ] 12/12 VUs  06m36.0s/13m30.0s

running (06m37.0s), 12/12 VUs, 320 complete and 0 interrupted iterations
soak   [  49% ] 12/12 VUs  06m37.0s/13m30.0s

running (06m38.0s), 12/12 VUs, 321 complete and 0 interrupted iterations
soak   [  49% ] 12/12 VUs  06m38.0s/13m30.0s

running (06m39.0s), 12/12 VUs, 323 complete and 0 interrupted iterations
soak   [  49% ] 12/12 VUs  06m39.0s/13m30.0s

running (06m40.0s), 12/12 VUs, 325 complete and 0 interrupted iterations
soak   [  49% ] 12/12 VUs  06m40.0s/13m30.0s

running (06m41.0s), 12/12 VUs, 325 complete and 0 interrupted iterations
soak   [  50% ] 12/12 VUs  06m41.0s/13m30.0s

running (06m42.0s), 12/12 VUs, 326 complete and 0 interrupted iterations
soak   [  50% ] 12/12 VUs  06m42.0s/13m30.0s

running (06m43.0s), 12/12 VUs, 327 complete and 0 interrupted iterations
soak   [  50% ] 12/12 VUs  06m43.0s/13m30.0s

running (06m44.0s), 12/12 VUs, 327 complete and 0 interrupted iterations
soak   [  50% ] 12/12 VUs  06m44.0s/13m30.0s

running (06m45.0s), 12/12 VUs, 327 complete and 0 interrupted iterations
soak   [  50% ] 12/12 VUs  06m45.0s/13m30.0s

running (06m46.0s), 12/12 VUs, 328 complete and 0 interrupted iterations
soak   [  50% ] 12/12 VUs  06m46.0s/13m30.0s

running (06m47.0s), 12/12 VUs, 328 complete and 0 interrupted iterations
soak   [  50% ] 12/12 VUs  06m47.0s/13m30.0s

running (06m48.0s), 12/12 VUs, 329 complete and 0 interrupted iterations
soak   [  50% ] 12/12 VUs  06m48.0s/13m30.0s

running (06m49.0s), 12/12 VUs, 332 complete and 0 interrupted iterations
soak   [  50% ] 12/12 VUs  06m49.0s/13m30.0s

running (06m50.0s), 12/12 VUs, 332 complete and 0 interrupted iterations
soak   [  51% ] 12/12 VUs  06m50.0s/13m30.0s

running (06m51.0s), 12/12 VUs, 333 complete and 0 interrupted iterations
soak   [  51% ] 12/12 VUs  06m51.0s/13m30.0s

running (06m52.0s), 12/12 VUs, 335 complete and 0 interrupted iterations
soak   [  51% ] 12/12 VUs  06m52.0s/13m30.0s

running (06m53.0s), 12/12 VUs, 336 complete and 0 interrupted iterations
soak   [  51% ] 12/12 VUs  06m53.0s/13m30.0s

running (06m54.0s), 12/12 VUs, 336 complete and 0 interrupted iterations
soak   [  51% ] 12/12 VUs  06m54.0s/13m30.0s

running (06m55.0s), 12/12 VUs, 337 complete and 0 interrupted iterations
soak   [  51% ] 12/12 VUs  06m55.0s/13m30.0s

running (06m56.0s), 12/12 VUs, 339 complete and 0 interrupted iterations
soak   [  51% ] 12/12 VUs  06m56.0s/13m30.0s

running (06m57.0s), 12/12 VUs, 339 complete and 0 interrupted iterations
soak   [  51% ] 12/12 VUs  06m57.0s/13m30.0s

running (06m58.0s), 12/12 VUs, 339 complete and 0 interrupted iterations
soak   [  52% ] 12/12 VUs  06m58.0s/13m30.0s

running (06m59.0s), 12/12 VUs, 340 complete and 0 interrupted iterations
soak   [  52% ] 12/12 VUs  06m59.0s/13m30.0s

running (07m00.0s), 12/12 VUs, 341 complete and 0 interrupted iterations
soak   [  52% ] 12/12 VUs  07m00.0s/13m30.0s

running (07m01.0s), 12/12 VUs, 342 complete and 0 interrupted iterations
soak   [  52% ] 12/12 VUs  07m01.0s/13m30.0s

running (07m02.0s), 12/12 VUs, 343 complete and 0 interrupted iterations
soak   [  52% ] 12/12 VUs  07m02.0s/13m30.0s

running (07m03.0s), 12/12 VUs, 343 complete and 0 interrupted iterations
soak   [  52% ] 12/12 VUs  07m03.0s/13m30.0s

running (07m04.0s), 12/12 VUs, 344 complete and 0 interrupted iterations
soak   [  52% ] 12/12 VUs  07m04.0s/13m30.0s

running (07m05.0s), 12/12 VUs, 345 complete and 0 interrupted iterations
soak   [  52% ] 12/12 VUs  07m05.0s/13m30.0s

running (07m06.0s), 12/12 VUs, 347 complete and 0 interrupted iterations
soak   [  53% ] 12/12 VUs  07m06.0s/13m30.0s

running (07m07.0s), 12/12 VUs, 347 complete and 0 interrupted iterations
soak   [  53% ] 12/12 VUs  07m07.0s/13m30.0s

running (07m08.0s), 12/12 VUs, 349 complete and 0 interrupted iterations
soak   [  53% ] 12/12 VUs  07m08.0s/13m30.0s

running (07m09.0s), 12/12 VUs, 350 complete and 0 interrupted iterations
soak   [  53% ] 12/12 VUs  07m09.0s/13m30.0s

running (07m10.0s), 12/12 VUs, 350 complete and 0 interrupted iterations
soak   [  53% ] 12/12 VUs  07m10.0s/13m30.0s

running (07m11.0s), 12/12 VUs, 351 complete and 0 interrupted iterations
soak   [  53% ] 12/12 VUs  07m11.0s/13m30.0s

running (07m12.0s), 12/12 VUs, 352 complete and 0 interrupted iterations
soak   [  53% ] 12/12 VUs  07m12.0s/13m30.0s

running (07m13.0s), 12/12 VUs, 353 complete and 0 interrupted iterations
soak   [  53% ] 12/12 VUs  07m13.0s/13m30.0s

running (07m14.0s), 12/12 VUs, 353 complete and 0 interrupted iterations
soak   [  54% ] 12/12 VUs  07m14.0s/13m30.0s

running (07m15.0s), 12/12 VUs, 353 complete and 0 interrupted iterations
soak   [  54% ] 12/12 VUs  07m15.0s/13m30.0s

running (07m16.0s), 12/12 VUs, 355 complete and 0 interrupted iterations
soak   [  54% ] 12/12 VUs  07m16.0s/13m30.0s

running (07m17.0s), 12/12 VUs, 355 complete and 0 interrupted iterations
soak   [  54% ] 12/12 VUs  07m17.0s/13m30.0s

running (07m18.0s), 12/12 VUs, 356 complete and 0 interrupted iterations
soak   [  54% ] 12/12 VUs  07m18.0s/13m30.0s

running (07m19.0s), 12/12 VUs, 357 complete and 0 interrupted iterations
soak   [  54% ] 12/12 VUs  07m19.0s/13m30.0s

running (07m20.0s), 12/12 VUs, 358 complete and 0 interrupted iterations
soak   [  54% ] 12/12 VUs  07m20.0s/13m30.0s

running (07m21.0s), 12/12 VUs, 359 complete and 0 interrupted iterations
soak   [  54% ] 12/12 VUs  07m21.0s/13m30.0s

running (07m22.0s), 12/12 VUs, 360 complete and 0 interrupted iterations
soak   [  55% ] 12/12 VUs  07m22.0s/13m30.0s

running (07m23.0s), 12/12 VUs, 361 complete and 0 interrupted iterations
soak   [  55% ] 12/12 VUs  07m23.0s/13m30.0s

running (07m24.0s), 12/12 VUs, 363 complete and 0 interrupted iterations
soak   [  55% ] 12/12 VUs  07m24.0s/13m30.0s

running (07m25.0s), 12/12 VUs, 364 complete and 0 interrupted iterations
soak   [  55% ] 12/12 VUs  07m25.0s/13m30.0s

running (07m26.0s), 12/12 VUs, 364 complete and 0 interrupted iterations
soak   [  55% ] 12/12 VUs  07m26.0s/13m30.0s

running (07m27.0s), 12/12 VUs, 364 complete and 0 interrupted iterations
soak   [  55% ] 12/12 VUs  07m27.0s/13m30.0s

running (07m28.0s), 12/12 VUs, 365 complete and 0 interrupted iterations
soak   [  55% ] 12/12 VUs  07m28.0s/13m30.0s

running (07m29.0s), 12/12 VUs, 366 complete and 0 interrupted iterations
soak   [  55% ] 12/12 VUs  07m29.0s/13m30.0s

running (07m30.0s), 12/12 VUs, 367 complete and 0 interrupted iterations
soak   [  56% ] 12/12 VUs  07m30.0s/13m30.0s

running (07m31.0s), 12/12 VUs, 367 complete and 0 interrupted iterations
soak   [  56% ] 12/12 VUs  07m31.0s/13m30.0s

running (07m32.0s), 12/12 VUs, 369 complete and 0 interrupted iterations
soak   [  56% ] 12/12 VUs  07m32.0s/13m30.0s

running (07m33.0s), 12/12 VUs, 370 complete and 0 interrupted iterations
soak   [  56% ] 12/12 VUs  07m33.0s/13m30.0s

running (07m34.0s), 12/12 VUs, 371 complete and 0 interrupted iterations
soak   [  56% ] 12/12 VUs  07m34.0s/13m30.0s

running (07m35.0s), 12/12 VUs, 372 complete and 0 interrupted iterations
soak   [  56% ] 12/12 VUs  07m35.0s/13m30.0s

running (07m36.0s), 12/12 VUs, 374 complete and 0 interrupted iterations
soak   [  56% ] 12/12 VUs  07m36.0s/13m30.0s

running (07m37.0s), 12/12 VUs, 374 complete and 0 interrupted iterations
soak   [  56% ] 12/12 VUs  07m37.0s/13m30.0s

running (07m38.0s), 12/12 VUs, 375 complete and 0 interrupted iterations
soak   [  57% ] 12/12 VUs  07m38.0s/13m30.0s

running (07m39.0s), 12/12 VUs, 375 complete and 0 interrupted iterations
soak   [  57% ] 12/12 VUs  07m39.0s/13m30.0s

running (07m40.0s), 12/12 VUs, 376 complete and 0 interrupted iterations
soak   [  57% ] 12/12 VUs  07m40.0s/13m30.0s

running (07m41.0s), 12/12 VUs, 377 complete and 0 interrupted iterations
soak   [  57% ] 12/12 VUs  07m41.0s/13m30.0s

running (07m42.0s), 12/12 VUs, 377 complete and 0 interrupted iterations
soak   [  57% ] 12/12 VUs  07m42.0s/13m30.0s

running (07m43.0s), 12/12 VUs, 379 complete and 0 interrupted iterations
soak   [  57% ] 12/12 VUs  07m43.0s/13m30.0s

running (07m44.0s), 12/12 VUs, 380 complete and 0 interrupted iterations
soak   [  57% ] 12/12 VUs  07m44.0s/13m30.0s

running (07m45.0s), 12/12 VUs, 380 complete and 0 interrupted iterations
soak   [  57% ] 12/12 VUs  07m45.0s/13m30.0s

running (07m46.0s), 12/12 VUs, 381 complete and 0 interrupted iterations
soak   [  58% ] 12/12 VUs  07m46.0s/13m30.0s

running (07m47.0s), 12/12 VUs, 383 complete and 0 interrupted iterations
soak   [  58% ] 12/12 VUs  07m47.0s/13m30.0s

running (07m48.0s), 12/12 VUs, 384 complete and 0 interrupted iterations
soak   [  58% ] 12/12 VUs  07m48.0s/13m30.0s

running (07m49.0s), 12/12 VUs, 386 complete and 0 interrupted iterations
soak   [  58% ] 12/12 VUs  07m49.0s/13m30.0s

running (07m50.0s), 12/12 VUs, 387 complete and 0 interrupted iterations
soak   [  58% ] 12/12 VUs  07m50.0s/13m30.0s

running (07m51.0s), 12/12 VUs, 387 complete and 0 interrupted iterations
soak   [  58% ] 12/12 VUs  07m51.0s/13m30.0s

running (07m52.0s), 12/12 VUs, 387 complete and 0 interrupted iterations
soak   [  58% ] 12/12 VUs  07m52.0s/13m30.0s

running (07m53.0s), 12/12 VUs, 388 complete and 0 interrupted iterations
soak   [  58% ] 12/12 VUs  07m53.0s/13m30.0s

running (07m54.0s), 12/12 VUs, 389 complete and 0 interrupted iterations
soak   [  59% ] 12/12 VUs  07m54.0s/13m30.0s

running (07m55.0s), 12/12 VUs, 389 complete and 0 interrupted iterations
soak   [  59% ] 12/12 VUs  07m55.0s/13m30.0s

running (07m56.0s), 12/12 VUs, 390 complete and 0 interrupted iterations
soak   [  59% ] 12/12 VUs  07m56.0s/13m30.0s

running (07m57.0s), 12/12 VUs, 391 complete and 0 interrupted iterations
soak   [  59% ] 12/12 VUs  07m57.0s/13m30.0s

running (07m58.0s), 12/12 VUs, 392 complete and 0 interrupted iterations
soak   [  59% ] 12/12 VUs  07m58.0s/13m30.0s

running (07m59.0s), 12/12 VUs, 394 complete and 0 interrupted iterations
soak   [  59% ] 12/12 VUs  07m59.0s/13m30.0s

running (08m00.0s), 12/12 VUs, 395 complete and 0 interrupted iterations
soak   [  59% ] 12/12 VUs  08m00.0s/13m30.0s

running (08m01.0s), 12/12 VUs, 396 complete and 0 interrupted iterations
soak   [  59% ] 12/12 VUs  08m01.0s/13m30.0s

running (08m02.0s), 12/12 VUs, 397 complete and 0 interrupted iterations
soak   [  60% ] 12/12 VUs  08m02.0s/13m30.0s

running (08m03.0s), 12/12 VUs, 398 complete and 0 interrupted iterations
soak   [  60% ] 12/12 VUs  08m03.0s/13m30.0s

running (08m04.0s), 12/12 VUs, 399 complete and 0 interrupted iterations
soak   [  60% ] 12/12 VUs  08m04.0s/13m30.0s

running (08m05.0s), 12/12 VUs, 399 complete and 0 interrupted iterations
soak   [  60% ] 12/12 VUs  08m05.0s/13m30.0s

running (08m06.0s), 12/12 VUs, 400 complete and 0 interrupted iterations
soak   [  60% ] 12/12 VUs  08m06.0s/13m30.0s

running (08m07.0s), 12/12 VUs, 401 complete and 0 interrupted iterations
soak   [  60% ] 12/12 VUs  08m07.0s/13m30.0s

running (08m08.0s), 12/12 VUs, 402 complete and 0 interrupted iterations
soak   [  60% ] 12/12 VUs  08m08.0s/13m30.0s

running (08m09.0s), 12/12 VUs, 402 complete and 0 interrupted iterations
soak   [  60% ] 12/12 VUs  08m09.0s/13m30.0s

running (08m10.0s), 12/12 VUs, 402 complete and 0 interrupted iterations
soak   [  60% ] 12/12 VUs  08m10.0s/13m30.0s

running (08m11.0s), 12/12 VUs, 403 complete and 0 interrupted iterations
soak   [  61% ] 12/12 VUs  08m11.0s/13m30.0s

running (08m12.0s), 12/12 VUs, 405 complete and 0 interrupted iterations
soak   [  61% ] 12/12 VUs  08m12.0s/13m30.0s

running (08m13.0s), 12/12 VUs, 406 complete and 0 interrupted iterations
soak   [  61% ] 12/12 VUs  08m13.0s/13m30.0s

running (08m14.0s), 12/12 VUs, 407 complete and 0 interrupted iterations
soak   [  61% ] 12/12 VUs  08m14.0s/13m30.0s

running (08m15.0s), 12/12 VUs, 409 complete and 0 interrupted iterations
soak   [  61% ] 12/12 VUs  08m15.0s/13m30.0s

running (08m16.0s), 12/12 VUs, 410 complete and 0 interrupted iterations
soak   [  61% ] 12/12 VUs  08m16.0s/13m30.0s

running (08m17.0s), 12/12 VUs, 410 complete and 0 interrupted iterations
soak   [  61% ] 12/12 VUs  08m17.0s/13m30.0s

running (08m18.0s), 12/12 VUs, 410 complete and 0 interrupted iterations
soak   [  61% ] 12/12 VUs  08m18.0s/13m30.0s

running (08m19.0s), 12/12 VUs, 410 complete and 0 interrupted iterations
soak   [  62% ] 12/12 VUs  08m19.0s/13m30.0s

running (08m20.0s), 12/12 VUs, 413 complete and 0 interrupted iterations
soak   [  62% ] 12/12 VUs  08m20.0s/13m30.0s

running (08m21.0s), 12/12 VUs, 413 complete and 0 interrupted iterations
soak   [  62% ] 12/12 VUs  08m21.0s/13m30.0s

running (08m22.0s), 12/12 VUs, 413 complete and 0 interrupted iterations
soak   [  62% ] 12/12 VUs  08m22.0s/13m30.0s

running (08m23.0s), 12/12 VUs, 414 complete and 0 interrupted iterations
soak   [  62% ] 12/12 VUs  08m23.0s/13m30.0s

running (08m24.0s), 12/12 VUs, 415 complete and 0 interrupted iterations
soak   [  62% ] 12/12 VUs  08m24.0s/13m30.0s

running (08m25.0s), 12/12 VUs, 415 complete and 0 interrupted iterations
soak   [  62% ] 12/12 VUs  08m25.0s/13m30.0s

running (08m26.0s), 12/12 VUs, 417 complete and 0 interrupted iterations
soak   [  62% ] 12/12 VUs  08m26.0s/13m30.0s

running (08m27.0s), 12/12 VUs, 419 complete and 0 interrupted iterations
soak   [  63% ] 12/12 VUs  08m27.0s/13m30.0s

running (08m28.0s), 12/12 VUs, 419 complete and 0 interrupted iterations
soak   [  63% ] 12/12 VUs  08m28.0s/13m30.0s

running (08m29.0s), 12/12 VUs, 420 complete and 0 interrupted iterations
soak   [  63% ] 12/12 VUs  08m29.0s/13m30.0s

running (08m30.0s), 12/12 VUs, 421 complete and 0 interrupted iterations
soak   [  63% ] 12/12 VUs  08m30.0s/13m30.0s

running (08m31.0s), 12/12 VUs, 422 complete and 0 interrupted iterations
soak   [  63% ] 12/12 VUs  08m31.0s/13m30.0s

running (08m32.0s), 12/12 VUs, 422 complete and 0 interrupted iterations
soak   [  63% ] 12/12 VUs  08m32.0s/13m30.0s

running (08m33.0s), 12/12 VUs, 422 complete and 0 interrupted iterations
soak   [  63% ] 12/12 VUs  08m33.0s/13m30.0s

running (08m34.0s), 12/12 VUs, 425 complete and 0 interrupted iterations
soak   [  63% ] 12/12 VUs  08m34.0s/13m30.0s

running (08m35.0s), 12/12 VUs, 425 complete and 0 interrupted iterations
soak   [  64% ] 12/12 VUs  08m35.0s/13m30.0s

running (08m36.0s), 12/12 VUs, 425 complete and 0 interrupted iterations
soak   [  64% ] 12/12 VUs  08m36.0s/13m30.0s

running (08m37.0s), 12/12 VUs, 425 complete and 0 interrupted iterations
soak   [  64% ] 12/12 VUs  08m37.0s/13m30.0s

running (08m38.0s), 12/12 VUs, 426 complete and 0 interrupted iterations
soak   [  64% ] 12/12 VUs  08m38.0s/13m30.0s

running (08m39.0s), 12/12 VUs, 428 complete and 0 interrupted iterations
soak   [  64% ] 12/12 VUs  08m39.0s/13m30.0s

running (08m40.0s), 12/12 VUs, 429 complete and 0 interrupted iterations
soak   [  64% ] 12/12 VUs  08m40.0s/13m30.0s

running (08m41.0s), 12/12 VUs, 431 complete and 0 interrupted iterations
soak   [  64% ] 12/12 VUs  08m41.0s/13m30.0s

running (08m42.0s), 12/12 VUs, 431 complete and 0 interrupted iterations
soak   [  64% ] 12/12 VUs  08m42.0s/13m30.0s

running (08m43.0s), 12/12 VUs, 433 complete and 0 interrupted iterations
soak   [  65% ] 12/12 VUs  08m43.0s/13m30.0s

running (08m44.0s), 12/12 VUs, 433 complete and 0 interrupted iterations
soak   [  65% ] 12/12 VUs  08m44.0s/13m30.0s

running (08m45.0s), 12/12 VUs, 434 complete and 0 interrupted iterations
soak   [  65% ] 12/12 VUs  08m45.0s/13m30.0s

running (08m46.0s), 12/12 VUs, 434 complete and 0 interrupted iterations
soak   [  65% ] 12/12 VUs  08m46.0s/13m30.0s

running (08m47.0s), 12/12 VUs, 436 complete and 0 interrupted iterations
soak   [  65% ] 12/12 VUs  08m47.0s/13m30.0s

running (08m48.0s), 12/12 VUs, 437 complete and 0 interrupted iterations
soak   [  65% ] 12/12 VUs  08m48.0s/13m30.0s

running (08m49.0s), 12/12 VUs, 437 complete and 0 interrupted iterations
soak   [  65% ] 12/12 VUs  08m49.0s/13m30.0s

running (08m50.0s), 12/12 VUs, 437 complete and 0 interrupted iterations
soak   [  65% ] 12/12 VUs  08m50.0s/13m30.0s

running (08m51.0s), 12/12 VUs, 439 complete and 0 interrupted iterations
soak   [  66% ] 12/12 VUs  08m51.0s/13m30.0s

running (08m52.0s), 12/12 VUs, 441 complete and 0 interrupted iterations
soak   [  66% ] 12/12 VUs  08m52.0s/13m30.0s

running (08m53.0s), 12/12 VUs, 442 complete and 0 interrupted iterations
soak   [  66% ] 12/12 VUs  08m53.0s/13m30.0s

running (08m54.0s), 12/12 VUs, 443 complete and 0 interrupted iterations
soak   [  66% ] 12/12 VUs  08m54.0s/13m30.0s

running (08m55.0s), 12/12 VUs, 443 complete and 0 interrupted iterations
soak   [  66% ] 12/12 VUs  08m55.0s/13m30.0s

running (08m56.0s), 12/12 VUs, 444 complete and 0 interrupted iterations
soak   [  66% ] 12/12 VUs  08m56.0s/13m30.0s

running (08m57.0s), 12/12 VUs, 445 complete and 0 interrupted iterations
soak   [  66% ] 12/12 VUs  08m57.0s/13m30.0s

running (08m58.0s), 12/12 VUs, 446 complete and 0 interrupted iterations
soak   [  66% ] 12/12 VUs  08m58.0s/13m30.0s

running (08m59.0s), 12/12 VUs, 446 complete and 0 interrupted iterations
soak   [  67% ] 12/12 VUs  08m59.0s/13m30.0s

running (09m00.0s), 12/12 VUs, 446 complete and 0 interrupted iterations
soak   [  67% ] 12/12 VUs  09m00.0s/13m30.0s

running (09m01.0s), 12/12 VUs, 448 complete and 0 interrupted iterations
soak   [  67% ] 12/12 VUs  09m01.0s/13m30.0s

running (09m02.0s), 12/12 VUs, 449 complete and 0 interrupted iterations
soak   [  67% ] 12/12 VUs  09m02.0s/13m30.0s

running (09m03.0s), 12/12 VUs, 450 complete and 0 interrupted iterations
soak   [  67% ] 12/12 VUs  09m03.0s/13m30.0s

running (09m04.0s), 12/12 VUs, 450 complete and 0 interrupted iterations
soak   [  67% ] 12/12 VUs  09m04.0s/13m30.0s

running (09m05.0s), 12/12 VUs, 451 complete and 0 interrupted iterations
soak   [  67% ] 12/12 VUs  09m05.0s/13m30.0s

running (09m06.0s), 12/12 VUs, 453 complete and 0 interrupted iterations
soak   [  67% ] 12/12 VUs  09m06.0s/13m30.0s

running (09m07.0s), 12/12 VUs, 454 complete and 0 interrupted iterations
soak   [  68% ] 12/12 VUs  09m07.0s/13m30.0s

running (09m08.0s), 12/12 VUs, 455 complete and 0 interrupted iterations
soak   [  68% ] 12/12 VUs  09m08.0s/13m30.0s

running (09m09.0s), 12/12 VUs, 456 complete and 0 interrupted iterations
soak   [  68% ] 12/12 VUs  09m09.0s/13m30.0s

running (09m10.0s), 12/12 VUs, 456 complete and 0 interrupted iterations
soak   [  68% ] 12/12 VUs  09m10.0s/13m30.0s

running (09m11.0s), 12/12 VUs, 457 complete and 0 interrupted iterations
soak   [  68% ] 12/12 VUs  09m11.0s/13m30.0s

running (09m12.0s), 12/12 VUs, 458 complete and 0 interrupted iterations
soak   [  68% ] 12/12 VUs  09m12.0s/13m30.0s

running (09m13.0s), 12/12 VUs, 458 complete and 0 interrupted iterations
soak   [  68% ] 12/12 VUs  09m13.0s/13m30.0s

running (09m14.0s), 12/12 VUs, 458 complete and 0 interrupted iterations
soak   [  68% ] 12/12 VUs  09m14.0s/13m30.0s

running (09m15.0s), 12/12 VUs, 461 complete and 0 interrupted iterations
soak   [  69% ] 12/12 VUs  09m15.0s/13m30.0s

running (09m16.0s), 12/12 VUs, 461 complete and 0 interrupted iterations
soak   [  69% ] 12/12 VUs  09m16.0s/13m30.0s

running (09m17.0s), 12/12 VUs, 461 complete and 0 interrupted iterations
soak   [  69% ] 12/12 VUs  09m17.0s/13m30.0s

running (09m18.0s), 12/12 VUs, 461 complete and 0 interrupted iterations
soak   [  69% ] 12/12 VUs  09m18.0s/13m30.0s

running (09m19.0s), 12/12 VUs, 464 complete and 0 interrupted iterations
soak   [  69% ] 12/12 VUs  09m19.0s/13m30.0s

running (09m20.0s), 12/12 VUs, 465 complete and 0 interrupted iterations
soak   [  69% ] 12/12 VUs  09m20.0s/13m30.0s

running (09m21.0s), 12/12 VUs, 467 complete and 0 interrupted iterations
soak   [  69% ] 12/12 VUs  09m21.0s/13m30.0s

running (09m22.0s), 12/12 VUs, 467 complete and 0 interrupted iterations
soak   [  69% ] 12/12 VUs  09m22.0s/13m30.0s

running (09m23.0s), 12/12 VUs, 468 complete and 0 interrupted iterations
soak   [  70% ] 12/12 VUs  09m23.0s/13m30.0s

running (09m24.0s), 12/12 VUs, 469 complete and 0 interrupted iterations
soak   [  70% ] 12/12 VUs  09m24.0s/13m30.0s

running (09m25.0s), 12/12 VUs, 470 complete and 0 interrupted iterations
soak   [  70% ] 12/12 VUs  09m25.0s/13m30.0s

running (09m26.0s), 12/12 VUs, 470 complete and 0 interrupted iterations
soak   [  70% ] 12/12 VUs  09m26.0s/13m30.0s

running (09m27.0s), 12/12 VUs, 470 complete and 0 interrupted iterations
soak   [  70% ] 12/12 VUs  09m27.0s/13m30.0s

running (09m28.0s), 12/12 VUs, 472 complete and 0 interrupted iterations
soak   [  70% ] 12/12 VUs  09m28.0s/13m30.0s

running (09m29.0s), 12/12 VUs, 473 complete and 0 interrupted iterations
soak   [  70% ] 12/12 VUs  09m29.0s/13m30.0s

running (09m30.0s), 12/12 VUs, 473 complete and 0 interrupted iterations
soak   [  70% ] 12/12 VUs  09m30.0s/13m30.0s

running (09m31.0s), 12/12 VUs, 473 complete and 0 interrupted iterations
soak   [  70% ] 12/12 VUs  09m31.0s/13m30.0s

running (09m32.0s), 12/12 VUs, 474 complete and 0 interrupted iterations
soak   [  71% ] 12/12 VUs  09m32.0s/13m30.0s

running (09m33.0s), 12/12 VUs, 476 complete and 0 interrupted iterations
soak   [  71% ] 12/12 VUs  09m33.0s/13m30.0s

running (09m34.0s), 12/12 VUs, 477 complete and 0 interrupted iterations
soak   [  71% ] 12/12 VUs  09m34.0s/13m30.0s

running (09m35.0s), 12/12 VUs, 479 complete and 0 interrupted iterations
soak   [  71% ] 12/12 VUs  09m35.0s/13m30.0s

running (09m36.0s), 12/12 VUs, 480 complete and 0 interrupted iterations
soak   [  71% ] 12/12 VUs  09m36.0s/13m30.0s

running (09m37.0s), 12/12 VUs, 481 complete and 0 interrupted iterations
soak   [  71% ] 12/12 VUs  09m37.0s/13m30.0s

running (09m38.0s), 12/12 VUs, 481 complete and 0 interrupted iterations
soak   [  71% ] 12/12 VUs  09m38.0s/13m30.0s

running (09m39.0s), 12/12 VUs, 482 complete and 0 interrupted iterations
soak   [  71% ] 12/12 VUs  09m39.0s/13m30.0s

running (09m40.0s), 12/12 VUs, 482 complete and 0 interrupted iterations
soak   [  72% ] 12/12 VUs  09m40.0s/13m30.0s

running (09m41.0s), 12/12 VUs, 482 complete and 0 interrupted iterations
soak   [  72% ] 12/12 VUs  09m41.0s/13m30.0s

running (09m42.0s), 12/12 VUs, 482 complete and 0 interrupted iterations
soak   [  72% ] 12/12 VUs  09m42.0s/13m30.0s

running (09m43.0s), 12/12 VUs, 484 complete and 0 interrupted iterations
soak   [  72% ] 12/12 VUs  09m43.0s/13m30.0s

running (09m44.0s), 12/12 VUs, 485 complete and 0 interrupted iterations
soak   [  72% ] 12/12 VUs  09m44.0s/13m30.0s

running (09m45.0s), 12/12 VUs, 486 complete and 0 interrupted iterations
soak   [  72% ] 12/12 VUs  09m45.0s/13m30.0s

running (09m46.0s), 12/12 VUs, 486 complete and 0 interrupted iterations
soak   [  72% ] 12/12 VUs  09m46.0s/13m30.0s

running (09m47.0s), 12/12 VUs, 486 complete and 0 interrupted iterations
soak   [  72% ] 12/12 VUs  09m47.0s/13m30.0s

running (09m48.0s), 12/12 VUs, 487 complete and 0 interrupted iterations
soak   [  73% ] 12/12 VUs  09m48.0s/13m30.0s

running (09m49.0s), 12/12 VUs, 490 complete and 0 interrupted iterations
soak   [  73% ] 12/12 VUs  09m49.0s/13m30.0s

running (09m50.0s), 12/12 VUs, 492 complete and 0 interrupted iterations
soak   [  73% ] 12/12 VUs  09m50.0s/13m30.0s

running (09m51.0s), 12/12 VUs, 492 complete and 0 interrupted iterations
soak   [  73% ] 12/12 VUs  09m51.0s/13m30.0s

running (09m52.0s), 12/12 VUs, 493 complete and 0 interrupted iterations
soak   [  73% ] 12/12 VUs  09m52.0s/13m30.0s

running (09m53.0s), 12/12 VUs, 494 complete and 0 interrupted iterations
soak   [  73% ] 12/12 VUs  09m53.0s/13m30.0s

running (09m54.0s), 12/12 VUs, 494 complete and 0 interrupted iterations
soak   [  73% ] 12/12 VUs  09m54.0s/13m30.0s

running (09m55.0s), 12/12 VUs, 495 complete and 0 interrupted iterations
soak   [  73% ] 12/12 VUs  09m55.0s/13m30.0s

running (09m56.0s), 12/12 VUs, 495 complete and 0 interrupted iterations
soak   [  74% ] 12/12 VUs  09m56.0s/13m30.0s

running (09m57.0s), 12/12 VUs, 496 complete and 0 interrupted iterations
soak   [  74% ] 12/12 VUs  09m57.0s/13m30.0s

running (09m58.0s), 12/12 VUs, 497 complete and 0 interrupted iterations
soak   [  74% ] 12/12 VUs  09m58.0s/13m30.0s

running (09m59.0s), 12/12 VUs, 498 complete and 0 interrupted iterations
soak   [  74% ] 12/12 VUs  09m59.0s/13m30.0s

running (10m00.0s), 12/12 VUs, 498 complete and 0 interrupted iterations
soak   [  74% ] 12/12 VUs  10m00.0s/13m30.0s

running (10m01.0s), 12/12 VUs, 498 complete and 0 interrupted iterations
soak   [  74% ] 12/12 VUs  10m01.0s/13m30.0s

running (10m02.0s), 12/12 VUs, 499 complete and 0 interrupted iterations
soak   [  74% ] 12/12 VUs  10m02.0s/13m30.0s

running (10m03.0s), 12/12 VUs, 502 complete and 0 interrupted iterations
soak   [  74% ] 12/12 VUs  10m03.0s/13m30.0s

running (10m04.0s), 12/12 VUs, 504 complete and 0 interrupted iterations
soak   [  75% ] 12/12 VUs  10m04.0s/13m30.0s

running (10m05.0s), 12/12 VUs, 504 complete and 0 interrupted iterations
soak   [  75% ] 12/12 VUs  10m05.0s/13m30.0s

running (10m06.0s), 12/12 VUs, 505 complete and 0 interrupted iterations
soak   [  75% ] 12/12 VUs  10m06.0s/13m30.0s

running (10m07.0s), 12/12 VUs, 505 complete and 0 interrupted iterations
soak   [  75% ] 12/12 VUs  10m07.0s/13m30.0s

running (10m08.0s), 12/12 VUs, 505 complete and 0 interrupted iterations
soak   [  75% ] 12/12 VUs  10m08.0s/13m30.0s

running (10m09.0s), 12/12 VUs, 507 complete and 0 interrupted iterations
soak   [  75% ] 12/12 VUs  10m09.0s/13m30.0s

running (10m10.0s), 12/12 VUs, 510 complete and 0 interrupted iterations
soak   [  75% ] 12/12 VUs  10m10.0s/13m30.0s

running (10m11.0s), 12/12 VUs, 510 complete and 0 interrupted iterations
soak   [  75% ] 12/12 VUs  10m11.0s/13m30.0s

running (10m12.0s), 12/12 VUs, 510 complete and 0 interrupted iterations
soak   [  76% ] 12/12 VUs  10m12.0s/13m30.0s

running (10m13.0s), 12/12 VUs, 510 complete and 0 interrupted iterations
soak   [  76% ] 12/12 VUs  10m13.0s/13m30.0s

running (10m14.0s), 12/12 VUs, 511 complete and 0 interrupted iterations
soak   [  76% ] 12/12 VUs  10m14.0s/13m30.0s

running (10m15.0s), 12/12 VUs, 511 complete and 0 interrupted iterations
soak   [  76% ] 12/12 VUs  10m15.0s/13m30.0s

running (10m16.0s), 12/12 VUs, 515 complete and 0 interrupted iterations
soak   [  76% ] 12/12 VUs  10m16.0s/13m30.0s

running (10m17.0s), 12/12 VUs, 515 complete and 0 interrupted iterations
soak   [  76% ] 12/12 VUs  10m17.0s/13m30.0s

running (10m18.0s), 12/12 VUs, 516 complete and 0 interrupted iterations
soak   [  76% ] 12/12 VUs  10m18.0s/13m30.0s

running (10m19.0s), 12/12 VUs, 517 complete and 0 interrupted iterations
soak   [  76% ] 12/12 VUs  10m19.0s/13m30.0s

running (10m20.0s), 12/12 VUs, 517 complete and 0 interrupted iterations
soak   [  77% ] 12/12 VUs  10m20.0s/13m30.0s

running (10m21.0s), 12/12 VUs, 518 complete and 0 interrupted iterations
soak   [  77% ] 12/12 VUs  10m21.0s/13m30.0s

running (10m22.0s), 12/12 VUs, 518 complete and 0 interrupted iterations
soak   [  77% ] 12/12 VUs  10m22.0s/13m30.0s

running (10m23.0s), 12/12 VUs, 520 complete and 0 interrupted iterations
soak   [  77% ] 12/12 VUs  10m23.0s/13m30.0s

running (10m24.0s), 12/12 VUs, 522 complete and 0 interrupted iterations
soak   [  77% ] 12/12 VUs  10m24.0s/13m30.0s

running (10m25.0s), 12/12 VUs, 522 complete and 0 interrupted iterations
soak   [  77% ] 12/12 VUs  10m25.0s/13m30.0s

running (10m26.0s), 12/12 VUs, 522 complete and 0 interrupted iterations
soak   [  77% ] 12/12 VUs  10m26.0s/13m30.0s

running (10m27.0s), 12/12 VUs, 522 complete and 0 interrupted iterations
soak   [  77% ] 12/12 VUs  10m27.0s/13m30.0s

running (10m28.0s), 12/12 VUs, 522 complete and 0 interrupted iterations
soak   [  78% ] 12/12 VUs  10m28.0s/13m30.0s

running (10m29.0s), 12/12 VUs, 524 complete and 0 interrupted iterations
soak   [  78% ] 12/12 VUs  10m29.0s/13m30.0s

running (10m30.0s), 12/12 VUs, 525 complete and 0 interrupted iterations
soak   [  78% ] 12/12 VUs  10m30.0s/13m30.0s

running (10m31.0s), 12/12 VUs, 528 complete and 0 interrupted iterations
soak   [  78% ] 12/12 VUs  10m31.0s/13m30.0s

running (10m32.0s), 12/12 VUs, 528 complete and 0 interrupted iterations
soak   [  78% ] 12/12 VUs  10m32.0s/13m30.0s

running (10m33.0s), 12/12 VUs, 529 complete and 0 interrupted iterations
soak   [  78% ] 12/12 VUs  10m33.0s/13m30.0s

running (10m34.0s), 12/12 VUs, 529 complete and 0 interrupted iterations
soak   [  78% ] 12/12 VUs  10m34.0s/13m30.0s

running (10m35.0s), 12/12 VUs, 530 complete and 0 interrupted iterations
soak   [  78% ] 12/12 VUs  10m35.0s/13m30.0s

running (10m36.0s), 12/12 VUs, 531 complete and 0 interrupted iterations
soak   [  79% ] 12/12 VUs  10m36.0s/13m30.0s

running (10m37.0s), 12/12 VUs, 533 complete and 0 interrupted iterations
soak   [  79% ] 12/12 VUs  10m37.0s/13m30.0s

running (10m38.0s), 12/12 VUs, 533 complete and 0 interrupted iterations
soak   [  79% ] 12/12 VUs  10m38.0s/13m30.0s

running (10m39.0s), 12/12 VUs, 533 complete and 0 interrupted iterations
soak   [  79% ] 12/12 VUs  10m39.0s/13m30.0s

running (10m40.0s), 12/12 VUs, 534 complete and 0 interrupted iterations
soak   [  79% ] 12/12 VUs  10m40.0s/13m30.0s

running (10m41.0s), 12/12 VUs, 535 complete and 0 interrupted iterations
soak   [  79% ] 12/12 VUs  10m41.0s/13m30.0s

running (10m42.0s), 12/12 VUs, 536 complete and 0 interrupted iterations
soak   [  79% ] 12/12 VUs  10m42.0s/13m30.0s

running (10m43.0s), 12/12 VUs, 537 complete and 0 interrupted iterations
soak   [  79% ] 12/12 VUs  10m43.0s/13m30.0s

running (10m44.0s), 12/12 VUs, 539 complete and 0 interrupted iterations
soak   [  80% ] 12/12 VUs  10m44.0s/13m30.0s

running (10m45.0s), 12/12 VUs, 540 complete and 0 interrupted iterations
soak   [  80% ] 12/12 VUs  10m45.0s/13m30.0s

running (10m46.0s), 12/12 VUs, 540 complete and 0 interrupted iterations
soak   [  80% ] 12/12 VUs  10m46.0s/13m30.0s

running (10m47.0s), 12/12 VUs, 541 complete and 0 interrupted iterations
soak   [  80% ] 12/12 VUs  10m47.0s/13m30.0s

running (10m48.0s), 12/12 VUs, 541 complete and 0 interrupted iterations
soak   [  80% ] 12/12 VUs  10m48.0s/13m30.0s

running (10m49.0s), 12/12 VUs, 544 complete and 0 interrupted iterations
soak   [  80% ] 12/12 VUs  10m49.0s/13m30.0s

running (10m50.0s), 12/12 VUs, 544 complete and 0 interrupted iterations
soak   [  80% ] 12/12 VUs  10m50.0s/13m30.0s

running (10m51.0s), 12/12 VUs, 545 complete and 0 interrupted iterations
soak   [  80% ] 12/12 VUs  10m51.0s/13m30.0s

running (10m52.0s), 12/12 VUs, 546 complete and 0 interrupted iterations
soak   [  80% ] 12/12 VUs  10m52.0s/13m30.0s

running (10m53.0s), 12/12 VUs, 546 complete and 0 interrupted iterations
soak   [  81% ] 12/12 VUs  10m53.0s/13m30.0s

running (10m54.0s), 12/12 VUs, 546 complete and 0 interrupted iterations
soak   [  81% ] 12/12 VUs  10m54.0s/13m30.0s

running (10m55.0s), 12/12 VUs, 548 complete and 0 interrupted iterations
soak   [  81% ] 12/12 VUs  10m55.0s/13m30.0s

running (10m56.0s), 12/12 VUs, 548 complete and 0 interrupted iterations
soak   [  81% ] 12/12 VUs  10m56.0s/13m30.0s

running (10m57.0s), 12/12 VUs, 549 complete and 0 interrupted iterations
soak   [  81% ] 12/12 VUs  10m57.0s/13m30.0s

running (10m58.0s), 12/12 VUs, 551 complete and 0 interrupted iterations
soak   [  81% ] 12/12 VUs  10m58.0s/13m30.0s

running (10m59.0s), 12/12 VUs, 552 complete and 0 interrupted iterations
soak   [  81% ] 12/12 VUs  10m59.0s/13m30.0s

running (11m00.0s), 12/12 VUs, 552 complete and 0 interrupted iterations
soak   [  81% ] 12/12 VUs  11m00.0s/13m30.0s

running (11m01.0s), 12/12 VUs, 553 complete and 0 interrupted iterations
soak   [  82% ] 12/12 VUs  11m01.0s/13m30.0s

running (11m02.0s), 12/12 VUs, 553 complete and 0 interrupted iterations
soak   [  82% ] 12/12 VUs  11m02.0s/13m30.0s

running (11m03.0s), 12/12 VUs, 556 complete and 0 interrupted iterations
soak   [  82% ] 12/12 VUs  11m03.0s/13m30.0s

running (11m04.0s), 12/12 VUs, 557 complete and 0 interrupted iterations
soak   [  82% ] 12/12 VUs  11m04.0s/13m30.0s

running (11m05.0s), 12/12 VUs, 558 complete and 0 interrupted iterations
soak   [  82% ] 12/12 VUs  11m05.0s/13m30.0s

running (11m06.0s), 12/12 VUs, 558 complete and 0 interrupted iterations
soak   [  82% ] 12/12 VUs  11m06.0s/13m30.0s

running (11m07.0s), 12/12 VUs, 559 complete and 0 interrupted iterations
soak   [  82% ] 12/12 VUs  11m07.0s/13m30.0s

running (11m08.0s), 12/12 VUs, 560 complete and 0 interrupted iterations
soak   [  82% ] 12/12 VUs  11m08.0s/13m30.0s

running (11m09.0s), 12/12 VUs, 561 complete and 0 interrupted iterations
soak   [  83% ] 12/12 VUs  11m09.0s/13m30.0s

running (11m10.0s), 12/12 VUs, 561 complete and 0 interrupted iterations
soak   [  83% ] 12/12 VUs  11m10.0s/13m30.0s

running (11m11.0s), 12/12 VUs, 562 complete and 0 interrupted iterations
soak   [  83% ] 12/12 VUs  11m11.0s/13m30.0s

running (11m12.0s), 12/12 VUs, 564 complete and 0 interrupted iterations
soak   [  83% ] 12/12 VUs  11m12.0s/13m30.0s

running (11m13.0s), 12/12 VUs, 564 complete and 0 interrupted iterations
soak   [  83% ] 12/12 VUs  11m13.0s/13m30.0s

running (11m14.0s), 12/12 VUs, 565 complete and 0 interrupted iterations
soak   [  83% ] 12/12 VUs  11m14.0s/13m30.0s

running (11m15.0s), 12/12 VUs, 566 complete and 0 interrupted iterations
soak   [  83% ] 12/12 VUs  11m15.0s/13m30.0s

running (11m16.0s), 12/12 VUs, 567 complete and 0 interrupted iterations
soak   [  83% ] 12/12 VUs  11m16.0s/13m30.0s

running (11m17.0s), 12/12 VUs, 568 complete and 0 interrupted iterations
soak   [  84% ] 12/12 VUs  11m17.0s/13m30.0s

running (11m18.0s), 12/12 VUs, 569 complete and 0 interrupted iterations
soak   [  84% ] 12/12 VUs  11m18.0s/13m30.0s

running (11m19.0s), 12/12 VUs, 570 complete and 0 interrupted iterations
soak   [  84% ] 12/12 VUs  11m19.0s/13m30.0s

running (11m20.0s), 12/12 VUs, 570 complete and 0 interrupted iterations
soak   [  84% ] 12/12 VUs  11m20.0s/13m30.0s

running (11m21.0s), 12/12 VUs, 571 complete and 0 interrupted iterations
soak   [  84% ] 12/12 VUs  11m21.0s/13m30.0s

running (11m22.0s), 12/12 VUs, 572 complete and 0 interrupted iterations
soak   [  84% ] 12/12 VUs  11m22.0s/13m30.0s

running (11m23.0s), 12/12 VUs, 573 complete and 0 interrupted iterations
soak   [  84% ] 12/12 VUs  11m23.0s/13m30.0s

running (11m24.0s), 12/12 VUs, 574 complete and 0 interrupted iterations
soak   [  84% ] 12/12 VUs  11m24.0s/13m30.0s

running (11m25.0s), 12/12 VUs, 575 complete and 0 interrupted iterations
soak   [  85% ] 12/12 VUs  11m25.0s/13m30.0s

running (11m26.0s), 12/12 VUs, 576 complete and 0 interrupted iterations
soak   [  85% ] 12/12 VUs  11m26.0s/13m30.0s

running (11m27.0s), 12/12 VUs, 577 complete and 0 interrupted iterations
soak   [  85% ] 12/12 VUs  11m27.0s/13m30.0s

running (11m28.0s), 12/12 VUs, 577 complete and 0 interrupted iterations
soak   [  85% ] 12/12 VUs  11m28.0s/13m30.0s

running (11m29.0s), 12/12 VUs, 577 complete and 0 interrupted iterations
soak   [  85% ] 12/12 VUs  11m29.0s/13m30.0s

running (11m30.0s), 12/12 VUs, 580 complete and 0 interrupted iterations
soak   [  85% ] 12/12 VUs  11m30.0s/13m30.0s

running (11m31.0s), 12/12 VUs, 581 complete and 0 interrupted iterations
soak   [  85% ] 12/12 VUs  11m31.0s/13m30.0s

running (11m32.0s), 12/12 VUs, 581 complete and 0 interrupted iterations
soak   [  85% ] 12/12 VUs  11m32.0s/13m30.0s

running (11m33.0s), 12/12 VUs, 583 complete and 0 interrupted iterations
soak   [  86% ] 12/12 VUs  11m33.0s/13m30.0s

running (11m34.0s), 12/12 VUs, 585 complete and 0 interrupted iterations
soak   [  86% ] 12/12 VUs  11m34.0s/13m30.0s

running (11m35.0s), 12/12 VUs, 585 complete and 0 interrupted iterations
soak   [  86% ] 12/12 VUs  11m35.0s/13m30.0s

running (11m36.0s), 12/12 VUs, 585 complete and 0 interrupted iterations
soak   [  86% ] 12/12 VUs  11m36.0s/13m30.0s

running (11m37.0s), 12/12 VUs, 585 complete and 0 interrupted iterations
soak   [  86% ] 12/12 VUs  11m37.0s/13m30.0s

running (11m38.0s), 12/12 VUs, 588 complete and 0 interrupted iterations
soak   [  86% ] 12/12 VUs  11m38.0s/13m30.0s

running (11m39.0s), 12/12 VUs, 589 complete and 0 interrupted iterations
soak   [  86% ] 12/12 VUs  11m39.0s/13m30.0s

running (11m40.0s), 12/12 VUs, 589 complete and 0 interrupted iterations
soak   [  86% ] 12/12 VUs  11m40.0s/13m30.0s

running (11m41.0s), 12/12 VUs, 589 complete and 0 interrupted iterations
soak   [  87% ] 12/12 VUs  11m41.0s/13m30.0s

running (11m42.0s), 12/12 VUs, 589 complete and 0 interrupted iterations
soak   [  87% ] 12/12 VUs  11m42.0s/13m30.0s

running (11m43.0s), 12/12 VUs, 590 complete and 0 interrupted iterations
soak   [  87% ] 12/12 VUs  11m43.0s/13m30.0s

running (11m44.0s), 12/12 VUs, 591 complete and 0 interrupted iterations
soak   [  87% ] 12/12 VUs  11m44.0s/13m30.0s

running (11m45.0s), 12/12 VUs, 592 complete and 0 interrupted iterations
soak   [  87% ] 12/12 VUs  11m45.0s/13m30.0s

running (11m46.0s), 12/12 VUs, 595 complete and 0 interrupted iterations
soak   [  87% ] 12/12 VUs  11m46.0s/13m30.0s

running (11m47.0s), 12/12 VUs, 596 complete and 0 interrupted iterations
soak   [  87% ] 12/12 VUs  11m47.0s/13m30.0s

running (11m48.0s), 12/12 VUs, 596 complete and 0 interrupted iterations
soak   [  87% ] 12/12 VUs  11m48.0s/13m30.0s

running (11m49.0s), 12/12 VUs, 597 complete and 0 interrupted iterations
soak   [  88% ] 12/12 VUs  11m49.0s/13m30.0s

running (11m50.0s), 12/12 VUs, 599 complete and 0 interrupted iterations
soak   [  88% ] 12/12 VUs  11m50.0s/13m30.0s

running (11m51.0s), 12/12 VUs, 599 complete and 0 interrupted iterations
soak   [  88% ] 12/12 VUs  11m51.0s/13m30.0s

running (11m52.0s), 12/12 VUs, 601 complete and 0 interrupted iterations
soak   [  88% ] 12/12 VUs  11m52.0s/13m30.0s

running (11m53.0s), 12/12 VUs, 601 complete and 0 interrupted iterations
soak   [  88% ] 12/12 VUs  11m53.0s/13m30.0s

running (11m54.0s), 12/12 VUs, 601 complete and 0 interrupted iterations
soak   [  88% ] 12/12 VUs  11m54.0s/13m30.0s

running (11m55.0s), 12/12 VUs, 601 complete and 0 interrupted iterations
soak   [  88% ] 12/12 VUs  11m55.0s/13m30.0s

running (11m56.0s), 12/12 VUs, 602 complete and 0 interrupted iterations
soak   [  88% ] 12/12 VUs  11m56.0s/13m30.0s

running (11m57.0s), 12/12 VUs, 602 complete and 0 interrupted iterations
soak   [  89% ] 12/12 VUs  11m57.0s/13m30.0s

running (11m58.0s), 12/12 VUs, 603 complete and 0 interrupted iterations
soak   [  89% ] 12/12 VUs  11m58.0s/13m30.0s

running (11m59.0s), 12/12 VUs, 604 complete and 0 interrupted iterations
soak   [  89% ] 12/12 VUs  11m59.0s/13m30.0s

running (12m00.0s), 12/12 VUs, 606 complete and 0 interrupted iterations
soak   [  89% ] 12/12 VUs  12m00.0s/13m30.0s

running (12m01.0s), 12/12 VUs, 606 complete and 0 interrupted iterations
soak   [  89% ] 12/12 VUs  12m01.0s/13m30.0s

running (12m02.0s), 12/12 VUs, 609 complete and 0 interrupted iterations
soak   [  89% ] 12/12 VUs  12m02.0s/13m30.0s

running (12m03.0s), 12/12 VUs, 610 complete and 0 interrupted iterations
soak   [  89% ] 12/12 VUs  12m03.0s/13m30.0s

running (12m04.0s), 12/12 VUs, 611 complete and 0 interrupted iterations
soak   [  89% ] 12/12 VUs  12m04.0s/13m30.0s

running (12m05.0s), 12/12 VUs, 613 complete and 0 interrupted iterations
soak   [  90% ] 12/12 VUs  12m05.0s/13m30.0s

running (12m06.0s), 12/12 VUs, 613 complete and 0 interrupted iterations
soak   [  90% ] 12/12 VUs  12m06.0s/13m30.0s

running (12m07.0s), 12/12 VUs, 613 complete and 0 interrupted iterations
soak   [  90% ] 12/12 VUs  12m07.0s/13m30.0s

running (12m08.0s), 12/12 VUs, 613 complete and 0 interrupted iterations
soak   [  90% ] 12/12 VUs  12m08.0s/13m30.0s

running (12m09.0s), 12/12 VUs, 613 complete and 0 interrupted iterations
soak   [  90% ] 12/12 VUs  12m09.0s/13m30.0s

running (12m10.0s), 12/12 VUs, 614 complete and 0 interrupted iterations
soak   [  90% ] 12/12 VUs  12m10.0s/13m30.0s

running (12m11.0s), 12/12 VUs, 615 complete and 0 interrupted iterations
soak   [  90% ] 12/12 VUs  12m11.0s/13m30.0s

running (12m12.0s), 12/12 VUs, 615 complete and 0 interrupted iterations
soak   [  90% ] 12/12 VUs  12m12.0s/13m30.0s

running (12m13.0s), 12/12 VUs, 616 complete and 0 interrupted iterations
soak   [  90% ] 12/12 VUs  12m13.0s/13m30.0s

running (12m14.0s), 12/12 VUs, 617 complete and 0 interrupted iterations
soak   [  91% ] 12/12 VUs  12m14.0s/13m30.0s

running (12m15.0s), 12/12 VUs, 620 complete and 0 interrupted iterations
soak   [  91% ] 12/12 VUs  12m15.0s/13m30.0s

running (12m16.0s), 12/12 VUs, 621 complete and 0 interrupted iterations
soak   [  91% ] 12/12 VUs  12m16.0s/13m30.0s

running (12m17.0s), 12/12 VUs, 622 complete and 0 interrupted iterations
soak   [  91% ] 12/12 VUs  12m17.0s/13m30.0s

running (12m18.0s), 12/12 VUs, 624 complete and 0 interrupted iterations
soak   [  91% ] 12/12 VUs  12m18.0s/13m30.0s

running (12m19.0s), 12/12 VUs, 625 complete and 0 interrupted iterations
soak   [  91% ] 12/12 VUs  12m19.0s/13m30.0s

running (12m20.0s), 12/12 VUs, 625 complete and 0 interrupted iterations
soak   [  91% ] 12/12 VUs  12m20.0s/13m30.0s

running (12m21.0s), 12/12 VUs, 625 complete and 0 interrupted iterations
soak   [  91% ] 12/12 VUs  12m21.0s/13m30.0s

running (12m22.0s), 12/12 VUs, 625 complete and 0 interrupted iterations
soak   [  92% ] 12/12 VUs  12m22.0s/13m30.0s

running (12m23.0s), 12/12 VUs, 626 complete and 0 interrupted iterations
soak   [  92% ] 12/12 VUs  12m23.0s/13m30.0s

running (12m24.0s), 12/12 VUs, 626 complete and 0 interrupted iterations
soak   [  92% ] 12/12 VUs  12m24.0s/13m30.0s

running (12m25.0s), 12/12 VUs, 626 complete and 0 interrupted iterations
soak   [  92% ] 12/12 VUs  12m25.0s/13m30.0s

running (12m26.0s), 12/12 VUs, 629 complete and 0 interrupted iterations
soak   [  92% ] 12/12 VUs  12m26.0s/13m30.0s

running (12m27.0s), 12/12 VUs, 631 complete and 0 interrupted iterations
soak   [  92% ] 12/12 VUs  12m27.0s/13m30.0s

running (12m28.0s), 12/12 VUs, 631 complete and 0 interrupted iterations
soak   [  92% ] 12/12 VUs  12m28.0s/13m30.0s

running (12m29.0s), 12/12 VUs, 633 complete and 0 interrupted iterations
soak   [  92% ] 12/12 VUs  12m29.0s/13m30.0s

running (12m30.0s), 12/12 VUs, 634 complete and 0 interrupted iterations
soak   [  93% ] 12/12 VUs  12m30.0s/13m30.0s

running (12m31.0s), 12/12 VUs, 635 complete and 0 interrupted iterations
soak   [  93% ] 12/12 VUs  12m31.0s/13m30.0s

running (12m32.0s), 12/12 VUs, 636 complete and 0 interrupted iterations
soak   [  93% ] 12/12 VUs  12m32.0s/13m30.0s

running (12m33.0s), 12/12 VUs, 637 complete and 0 interrupted iterations
soak   [  93% ] 12/12 VUs  12m33.0s/13m30.0s

running (12m34.0s), 12/12 VUs, 637 complete and 0 interrupted iterations
soak   [  93% ] 12/12 VUs  12m34.0s/13m30.0s

running (12m35.0s), 12/12 VUs, 638 complete and 0 interrupted iterations
soak   [  93% ] 12/12 VUs  12m35.0s/13m30.0s

running (12m36.0s), 12/12 VUs, 638 complete and 0 interrupted iterations
soak   [  93% ] 12/12 VUs  12m36.0s/13m30.0s

running (12m37.0s), 12/12 VUs, 639 complete and 0 interrupted iterations
soak   [  93% ] 12/12 VUs  12m37.0s/13m30.0s

running (12m38.0s), 12/12 VUs, 641 complete and 0 interrupted iterations
soak   [  94% ] 12/12 VUs  12m38.0s/13m30.0s

running (12m39.0s), 12/12 VUs, 641 complete and 0 interrupted iterations
soak   [  94% ] 12/12 VUs  12m39.0s/13m30.0s

running (12m40.0s), 12/12 VUs, 641 complete and 0 interrupted iterations
soak   [  94% ] 12/12 VUs  12m40.0s/13m30.0s

running (12m41.0s), 12/12 VUs, 643 complete and 0 interrupted iterations
soak   [  94% ] 12/12 VUs  12m41.0s/13m30.0s

running (12m42.0s), 12/12 VUs, 644 complete and 0 interrupted iterations
soak   [  94% ] 12/12 VUs  12m42.0s/13m30.0s

running (12m43.0s), 12/12 VUs, 644 complete and 0 interrupted iterations
soak   [  94% ] 12/12 VUs  12m43.0s/13m30.0s

running (12m44.0s), 12/12 VUs, 646 complete and 0 interrupted iterations
soak   [  94% ] 12/12 VUs  12m44.0s/13m30.0s

running (12m45.0s), 12/12 VUs, 648 complete and 0 interrupted iterations
soak   [  94% ] 12/12 VUs  12m45.0s/13m30.0s

running (12m46.0s), 12/12 VUs, 648 complete and 0 interrupted iterations
soak   [  95% ] 12/12 VUs  12m46.0s/13m30.0s

running (12m47.0s), 12/12 VUs, 648 complete and 0 interrupted iterations
soak   [  95% ] 12/12 VUs  12m47.0s/13m30.0s

running (12m48.0s), 12/12 VUs, 648 complete and 0 interrupted iterations
soak   [  95% ] 12/12 VUs  12m48.0s/13m30.0s

running (12m49.0s), 12/12 VUs, 650 complete and 0 interrupted iterations
soak   [  95% ] 12/12 VUs  12m49.0s/13m30.0s

running (12m50.0s), 12/12 VUs, 651 complete and 0 interrupted iterations
soak   [  95% ] 12/12 VUs  12m50.0s/13m30.0s

running (12m51.0s), 12/12 VUs, 651 complete and 0 interrupted iterations
soak   [  95% ] 12/12 VUs  12m51.0s/13m30.0s

running (12m52.0s), 12/12 VUs, 652 complete and 0 interrupted iterations
soak   [  95% ] 12/12 VUs  12m52.0s/13m30.0s

running (12m53.0s), 12/12 VUs, 653 complete and 0 interrupted iterations
soak   [  95% ] 12/12 VUs  12m53.0s/13m30.0s

running (12m54.0s), 12/12 VUs, 655 complete and 0 interrupted iterations
soak   [  96% ] 12/12 VUs  12m54.0s/13m30.0s

running (12m55.0s), 12/12 VUs, 655 complete and 0 interrupted iterations
soak   [  96% ] 12/12 VUs  12m55.0s/13m30.0s

running (12m56.0s), 12/12 VUs, 657 complete and 0 interrupted iterations
soak   [  96% ] 12/12 VUs  12m56.0s/13m30.0s

running (12m57.0s), 12/12 VUs, 658 complete and 0 interrupted iterations
soak   [  96% ] 12/12 VUs  12m57.0s/13m30.0s

running (12m58.0s), 12/12 VUs, 659 complete and 0 interrupted iterations
soak   [  96% ] 12/12 VUs  12m58.0s/13m30.0s

running (12m59.0s), 12/12 VUs, 660 complete and 0 interrupted iterations
soak   [  96% ] 12/12 VUs  12m59.0s/13m30.0s

running (13m00.0s), 12/12 VUs, 660 complete and 0 interrupted iterations
soak   [  96% ] 12/12 VUs  13m00.0s/13m30.0s

running (13m01.0s), 12/12 VUs, 661 complete and 0 interrupted iterations
soak   [  96% ] 12/12 VUs  13m01.0s/13m30.0s

running (13m02.0s), 12/12 VUs, 663 complete and 0 interrupted iterations
soak   [  97% ] 12/12 VUs  13m02.0s/13m30.0s

running (13m03.0s), 12/12 VUs, 663 complete and 0 interrupted iterations
soak   [  97% ] 12/12 VUs  13m03.0s/13m30.0s

running (13m04.0s), 12/12 VUs, 663 complete and 0 interrupted iterations
soak   [  97% ] 12/12 VUs  13m04.0s/13m30.0s

running (13m05.0s), 12/12 VUs, 664 complete and 0 interrupted iterations
soak   [  97% ] 12/12 VUs  13m05.0s/13m30.0s

running (13m06.0s), 11/12 VUs, 666 complete and 0 interrupted iterations
soak   [  97% ] 11/12 VUs  13m06.0s/13m30.0s

running (13m07.0s), 10/12 VUs, 667 complete and 0 interrupted iterations
soak   [  97% ] 10/12 VUs  13m07.0s/13m30.0s

running (13m08.0s), 10/12 VUs, 667 complete and 0 interrupted iterations
soak   [  97% ] 10/12 VUs  13m08.0s/13m30.0s

running (13m09.0s), 10/12 VUs, 670 complete and 0 interrupted iterations
soak   [  97% ] 10/12 VUs  13m09.0s/13m30.0s

running (13m10.0s), 10/12 VUs, 671 complete and 0 interrupted iterations
soak   [  98% ] 10/12 VUs  13m10.0s/13m30.0s

running (13m11.0s), 10/12 VUs, 671 complete and 0 interrupted iterations
soak   [  98% ] 10/12 VUs  13m11.0s/13m30.0s

running (13m12.0s), 10/12 VUs, 671 complete and 0 interrupted iterations
soak   [  98% ] 10/12 VUs  13m12.0s/13m30.0s

running (13m13.0s), 10/12 VUs, 672 complete and 0 interrupted iterations
soak   [  98% ] 10/12 VUs  13m13.0s/13m30.0s

running (13m14.0s), 10/12 VUs, 672 complete and 0 interrupted iterations
soak   [  98% ] 10/12 VUs  13m14.0s/13m30.0s

running (13m15.0s), 10/12 VUs, 672 complete and 0 interrupted iterations
soak   [  98% ] 10/12 VUs  13m15.0s/13m30.0s

running (13m16.0s), 09/12 VUs, 675 complete and 0 interrupted iterations
soak   [  98% ] 09/12 VUs  13m16.0s/13m30.0s

running (13m17.0s), 09/12 VUs, 675 complete and 0 interrupted iterations
soak   [  98% ] 09/12 VUs  13m17.0s/13m30.0s

running (13m18.0s), 09/12 VUs, 676 complete and 0 interrupted iterations
soak   [  99% ] 09/12 VUs  13m18.0s/13m30.0s

running (13m19.0s), 09/12 VUs, 676 complete and 0 interrupted iterations
soak   [  99% ] 09/12 VUs  13m19.0s/13m30.0s

running (13m20.0s), 09/12 VUs, 676 complete and 0 interrupted iterations
soak   [  99% ] 09/12 VUs  13m20.0s/13m30.0s

running (13m21.0s), 08/12 VUs, 678 complete and 0 interrupted iterations
soak   [  99% ] 08/12 VUs  13m21.0s/13m30.0s

running (13m22.0s), 08/12 VUs, 679 complete and 0 interrupted iterations
soak   [  99% ] 08/12 VUs  13m22.0s/13m30.0s

running (13m23.0s), 07/12 VUs, 680 complete and 0 interrupted iterations
soak   [  99% ] 07/12 VUs  13m23.0s/13m30.0s

running (13m24.0s), 07/12 VUs, 680 complete and 0 interrupted iterations
soak   [  99% ] 07/12 VUs  13m24.0s/13m30.0s

running (13m25.0s), 06/12 VUs, 681 complete and 0 interrupted iterations
soak   [  99% ] 06/12 VUs  13m25.0s/13m30.0s

running (13m26.0s), 06/12 VUs, 681 complete and 0 interrupted iterations
soak   [ 100% ] 06/12 VUs  13m26.0s/13m30.0s

running (13m27.0s), 06/12 VUs, 681 complete and 0 interrupted iterations
soak   [ 100% ] 06/12 VUs  13m27.0s/13m30.0s

running (13m28.0s), 05/12 VUs, 683 complete and 0 interrupted iterations
soak   [ 100% ] 05/12 VUs  13m28.0s/13m30.0s

running (13m29.0s), 05/12 VUs, 684 complete and 0 interrupted iterations
soak   [ 100% ] 05/12 VUs  13m29.0s/13m30.0s

running (13m30.0s), 05/12 VUs, 684 complete and 0 interrupted iterations
soak   [ 100% ] 05/12 VUs  13m30.0s/13m30.0s

running (13m31.0s), 04/12 VUs, 685 complete and 0 interrupted iterations
soak ↓ [ 100% ] 05/12 VUs  13m30s

running (13m32.0s), 04/12 VUs, 685 complete and 0 interrupted iterations
soak ↓ [ 100% ] 05/12 VUs  13m30s

running (13m33.0s), 04/12 VUs, 685 complete and 0 interrupted iterations
soak ↓ [ 100% ] 05/12 VUs  13m30s

running (13m34.0s), 03/12 VUs, 686 complete and 0 interrupted iterations
soak ↓ [ 100% ] 05/12 VUs  13m30s

running (13m35.0s), 02/12 VUs, 687 complete and 0 interrupted iterations
soak ↓ [ 100% ] 05/12 VUs  13m30s

running (13m36.0s), 02/12 VUs, 687 complete and 0 interrupted iterations
soak ↓ [ 100% ] 05/12 VUs  13m30s

running (13m37.0s), 02/12 VUs, 687 complete and 0 interrupted iterations
soak ↓ [ 100% ] 05/12 VUs  13m30s

running (13m38.0s), 02/12 VUs, 687 complete and 0 interrupted iterations
soak ↓ [ 100% ] 05/12 VUs  13m30s

running (13m39.0s), 02/12 VUs, 687 complete and 0 interrupted iterations
soak ↓ [ 100% ] 05/12 VUs  13m30s

running (13m40.0s), 01/12 VUs, 688 complete and 0 interrupted iterations
soak ↓ [ 100% ] 05/12 VUs  13m30s

running (13m41.0s), 01/12 VUs, 688 complete and 0 interrupted iterations
soak ↓ [ 100% ] 05/12 VUs  13m30s

running (13m42.0s), 01/12 VUs, 688 complete and 0 interrupted iterations
soak ↓ [ 100% ] 05/12 VUs  13m30s


  █ THRESHOLDS 

    checks
    ✓ 'rate==1' rate=100.00%

    http_req_failed
    ✓ 'rate==0' rate=0.00%

    workflow_success
    ✓ 'rate==1' rate=100.00%


  █ TOTAL RESULTS 

    checks_total.......: 24115   29.332326/s
    checks_succeeded...: 100.00% 24115 out of 24115
    checks_failed......: 0.00%   0 out of 24115

    ✓ register status is 200
    ✓ register message is correct
    ✓ register user id is positive
    ✓ login status is 200
    ✓ login token is present
    ✓ login email matches registration
    ✓ login user id matches registration
    ✓ profile status is 200
    ✓ profile email matches registration
    ✓ profile user id matches registration
    ✓ profile payload has CSV name
    ✓ profile payload has CSV phone
    ✓ profile payload has CSV shipping address
    ✓ profile update status is 200
    ✓ profile update message is correct
    ✓ categories status is 200
    ✓ categories array is non-empty
    ✓ selected category id is positive
    ✓ products status is 200
    ✓ products array is non-empty
    ✓ matching product exists
    ✓ product detail status is 200
    ✓ product detail id matches selection
    ✓ product detail category matches selection
    ✓ product detail name is non-empty
    ✓ product detail price is positive numeric
    ✓ cart payload preserves product detail
    ✓ cart payload quantity is CSV quantity
    ✓ add to cart status is 200
    ✓ add to cart message is correct
    ✓ checkout payload has exact CSV shipping address
    ✓ checkout total is correlated and positive
    ✓ checkout status is 200
    ✓ checkout message is correct
    ✓ checkout order id is positive

    CUSTOM
    soak_actual_vus..........................: 1       min=1          max=12
    soak_completed_workflows.................: 637     0.774816/s
    soak_cross_window_iterations.............: 52      0.06325/s
    soak_same_window_iteration_duration_ms...: avg=13.51s min=10.14s p(50)=13.58s p(90)=15.01s p(95)=15.39s  p(99)=15.97s  max=17.41s  
    workflow_success.........................: 100.00% 689 out of 689

    HTTP
    http_req_duration........................: avg=5.46ms min=0s     p(50)=2.36ms p(90)=12.8ms p(95)=15.45ms p(99)=43.31ms max=177.32ms
      { expected_response:true }.............: avg=5.46ms min=0s     p(50)=2.36ms p(90)=12.8ms p(95)=15.45ms p(99)=43.31ms max=177.32ms
    http_req_failed..........................: 0.00%   0 out of 6201
    http_reqs................................: 6201    7.542598/s

    EXECUTION
    iteration_duration.......................: avg=13.5s  min=10.14s p(50)=13.55s p(90)=15s    p(95)=15.39s  p(99)=15.97s  max=17.41s  
    iterations...............................: 689     0.838066/s
    vus......................................: 1       min=1          max=12
    vus_max..................................: 12      min=12         max=12

    NETWORK
    data_received............................: 3.1 MB  3.7 kB/s
    data_sent................................: 1.5 MB  1.9 kB/s




running (13m42.1s), 00/12 VUs, 689 complete and 0 interrupted iterations
soak ✓ [ 100% ] 00/12 VUs  13m30s
