"timestamp_utc","stress_phase","stress_level","target_vus","role","pid","process_available","cpu_percent_total_machine","working_set_mb","private_memory_mb","thread_count"
"2026-08-17T12:08:10.3986100Z","transition","transition_1_to_4","4","backend","11520","True","","43.465","53.723","13"
"2026-08-17T12:08:10.3986100Z","transition","transition_1_to_4","4","k6","7724","True","","15.762","51.387","7"
"2026-08-17T12:08:13.6158251Z","transition","transition_1_to_4","4","backend","11520","True","0.081","45.281","55.719","13"
"2026-08-17T12:08:13.6158251Z","transition","transition_1_to_4","4","k6","7724","True","1.012","53.785","81.516","19"
"2026-08-17T12:08:15.6914655Z","transition","transition_1_to_4","4","backend","11520","True","0","45.285","55.719","13"
"2026-08-17T12:08:15.6914655Z","transition","transition_1_to_4","4","k6","7724","True","0","54.379","82.156","19"
"2026-08-17T12:08:17.7308213Z","transition","transition_1_to_4","4","backend","11520","True","0.064","45.605","55.961","13"
"2026-08-17T12:08:17.7308213Z","transition","transition_1_to_4","4","k6","7724","True","0","54.695","82.828","19"
"2026-08-17T12:08:19.7742146Z","transition","transition_1_to_4","4","backend","11520","True","0","45.605","55.961","13"
"2026-08-17T12:08:19.7742146Z","transition","transition_1_to_4","4","k6","7724","True","0","54.863","83.473","19"
"2026-08-17T12:08:21.8288932Z","transition","transition_1_to_4","4","backend","11520","True","0","45.754","55.93","12"
"2026-08-17T12:08:21.8288932Z","transition","transition_1_to_4","4","k6","7724","True","0","55.086","84.16","19"
"2026-08-17T12:08:23.8856611Z","transition","transition_1_to_4","4","backend","11520","True","0.253","46.152","56.445","12"
"2026-08-17T12:08:23.8856611Z","transition","transition_1_to_4","4","k6","7724","True","0","55.277","84.832","19"
"2026-08-17T12:08:25.9536585Z","transition","transition_1_to_4","4","backend","11520","True","0","46.289","56.445","12"
"2026-08-17T12:08:25.9536585Z","transition","transition_1_to_4","4","k6","7724","True","0","55.566","85.523","19"
"2026-08-17T12:08:28.0041214Z","transition","transition_1_to_4","4","backend","11520","True","0","46.289","56.445","12"
"2026-08-17T12:08:28.0041214Z","transition","transition_1_to_4","4","k6","7724","True","0","56.035","86.172","19"
"2026-08-17T12:08:30.0446598Z","transition","transition_1_to_4","4","backend","11520","True","0","46.598","56.703","12"
"2026-08-17T12:08:30.0446598Z","transition","transition_1_to_4","4","k6","7724","True","0","56.613","86.914","19"
"2026-08-17T12:08:32.0977439Z","transition","transition_1_to_4","4","backend","11520","True","0.063","46.715","56.703","12"
"2026-08-17T12:08:32.0977439Z","transition","transition_1_to_4","4","k6","7724","True","0.127","57.203","87.91","19"
"2026-08-17T12:08:34.1515370Z","transition","transition_1_to_4","4","backend","11520","True","0.063","46.719","56.703","12"
"2026-08-17T12:08:34.1515370Z","transition","transition_1_to_4","4","k6","7724","True","0","57.695","88.637","19"
"2026-08-17T12:08:36.2509339Z","transition","transition_1_to_4","4","backend","11520","True","0.124","46.914","56.703","12"
"2026-08-17T12:08:36.2509339Z","transition","transition_1_to_4","4","k6","7724","True","0.434","58.223","89.203","19"
"2026-08-17T12:08:38.3087744Z","transition","transition_1_to_4","4","backend","11520","True","0.127","46.914","56.703","12"
"2026-08-17T12:08:38.3087744Z","transition","transition_1_to_4","4","k6","7724","True","0.063","58.301","89.234","19"
"2026-08-17T12:08:40.3514846Z","plateau","baseline_4","4","backend","11520","True","0","46.914","56.703","12"
"2026-08-17T12:08:40.3514846Z","plateau","baseline_4","4","k6","7724","True","0","58.73","89.539","19"
"2026-08-17T12:08:42.4023165Z","plateau","baseline_4","4","backend","11520","True","0.063","47.109","56.965","12"
"2026-08-17T12:08:42.4023165Z","plateau","baseline_4","4","k6","7724","True","0","58.836","89.602","21"
"2026-08-17T12:08:44.4628575Z","plateau","baseline_4","4","backend","11520","True","0.19","47.109","56.965","12"
"2026-08-17T12:08:44.4628575Z","plateau","baseline_4","4","k6","7724","True","0.19","59.199","89.602","21"
"2026-08-17T12:08:46.5202154Z","plateau","baseline_4","4","backend","11520","True","0.253","47.52","57.227","12"
"2026-08-17T12:08:46.5202154Z","plateau","baseline_4","4","k6","7724","True","0.127","59.781","89.602","21"
"2026-08-17T12:08:48.5719792Z","plateau","baseline_4","4","backend","11520","True","0","47.52","57.227","12"
"2026-08-17T12:08:48.5719792Z","plateau","baseline_4","4","k6","7724","True","0","60.266","89.602","21"
"2026-08-17T12:08:50.6126388Z","plateau","baseline_4","4","backend","11520","True","0.064","47.672","57.227","12"
"2026-08-17T12:08:50.6126388Z","plateau","baseline_4","4","k6","7724","True","0","60.848","89.664","21"
"2026-08-17T12:08:52.6823580Z","plateau","baseline_4","4","backend","11520","True","0.189","47.672","57.227","12"
"2026-08-17T12:08:52.6823580Z","plateau","baseline_4","4","k6","7724","True","0","61.172","89.664","21"
"2026-08-17T12:08:54.7435591Z","plateau","baseline_4","4","backend","11520","True","0.063","47.867","57.742","12"
"2026-08-17T12:08:54.7435591Z","plateau","baseline_4","4","k6","7724","True","0","61.223","89.664","21"
"2026-08-17T12:08:56.8072781Z","plateau","baseline_4","4","backend","11520","True","0.126","47.934","57.742","12"
"2026-08-17T12:08:56.8072781Z","plateau","baseline_4","4","k6","7724","True","0.063","61.254","89.664","21"
"2026-08-17T12:08:58.8688248Z","plateau","baseline_4","4","backend","11520","True","0.063","48.082","57.996","12"
"2026-08-17T12:08:58.8688248Z","plateau","baseline_4","4","k6","7724","True","0","61.254","89.664","21"
"2026-08-17T12:09:00.9091629Z","plateau","baseline_4","4","backend","11520","True","0.064","48.094","57.996","12"
"2026-08-17T12:09:00.9091629Z","plateau","baseline_4","4","k6","7724","True","0.064","61.359","89.664","21"
"2026-08-17T12:09:02.9643566Z","plateau","baseline_4","4","backend","11520","True","0.127","48.105","57.996","12"
"2026-08-17T12:09:02.9643566Z","plateau","baseline_4","4","k6","7724","True","0.063","61.363","89.664","21"
"2026-08-17T12:09:05.0270334Z","plateau","baseline_4","4","backend","11520","True","0","48.301","57.996","12"
"2026-08-17T12:09:05.0270334Z","plateau","baseline_4","4","k6","7724","True","0.063","61.395","89.664","21"
"2026-08-17T12:09:07.0931427Z","plateau","baseline_4","4","backend","11520","True","0","48.301","57.996","12"
"2026-08-17T12:09:07.0931427Z","plateau","baseline_4","4","k6","7724","True","0.126","61.555","89.664","21"
"2026-08-17T12:09:09.1553114Z","plateau","baseline_4","4","backend","11520","True","0","48.301","57.996","12"
"2026-08-17T12:09:09.1553114Z","plateau","baseline_4","4","k6","7724","True","0","61.645","89.664","21"
"2026-08-17T12:09:11.2225598Z","plateau","baseline_4","4","backend","11520","True","0.189","48.551","58.254","12"
"2026-08-17T12:09:11.2225598Z","plateau","baseline_4","4","k6","7724","True","0.126","61.668","89.57","18"
"2026-08-17T12:09:13.2975726Z","plateau","baseline_4","4","backend","11520","True","0.188","48.676","58.254","12"
"2026-08-17T12:09:13.2975726Z","plateau","baseline_4","4","k6","7724","True","0.063","61.672","89.57","18"
"2026-08-17T12:09:15.3471949Z","plateau","baseline_4","4","backend","11520","True","0.064","48.676","58.254","12"
"2026-08-17T12:09:15.3471949Z","plateau","baseline_4","4","k6","7724","True","0","61.672","89.57","18"
"2026-08-17T12:09:17.4062334Z","plateau","baseline_4","4","backend","11520","True","0.19","48.875","58.512","12"
"2026-08-17T12:09:17.4062334Z","plateau","baseline_4","4","k6","7724","True","0","61.68","89.57","18"
"2026-08-17T12:09:19.4704647Z","plateau","baseline_4","4","backend","11520","True","0.063","48.883","58.512","12"
"2026-08-17T12:09:19.4704647Z","plateau","baseline_4","4","k6","7724","True","0.063","61.68","89.57","18"
"2026-08-17T12:09:21.5223908Z","plateau","baseline_4","4","backend","11520","True","0.127","49.137","59.027","12"
"2026-08-17T12:09:21.5223908Z","plateau","baseline_4","4","k6","7724","True","0.063","61.688","89.57","18"
"2026-08-17T12:09:23.5723548Z","plateau","baseline_4","4","backend","11520","True","0.254","49.137","59.027","12"
"2026-08-17T12:09:23.5723548Z","plateau","baseline_4","4","k6","7724","True","0.064","61.703","89.57","18"
"2026-08-17T12:09:25.6088839Z","plateau","baseline_4","4","backend","11520","True","0.064","49.324","59.027","12"
"2026-08-17T12:09:25.6088839Z","plateau","baseline_4","4","k6","7724","True","0.064","61.527","89.254","18"
"2026-08-17T12:09:27.6585626Z","plateau","baseline_4","4","backend","11520","True","0","49.324","59.027","12"
"2026-08-17T12:09:27.6585626Z","plateau","baseline_4","4","k6","7724","True","0","61.527","89.254","18"
"2026-08-17T12:09:29.7180670Z","plateau","baseline_4","4","backend","11520","True","0","49.477","59.285","12"
"2026-08-17T12:09:29.7180670Z","plateau","baseline_4","4","k6","7724","True","0","61.535","89.254","18"
"2026-08-17T12:09:31.7651400Z","plateau","baseline_4","4","backend","11520","True","0.127","49.488","59.285","12"
"2026-08-17T12:09:31.7651400Z","plateau","baseline_4","4","k6","7724","True","0","61.535","89.254","18"
"2026-08-17T12:09:33.8204130Z","plateau","baseline_4","4","backend","11520","True","0.063","49.5","59.285","12"
"2026-08-17T12:09:33.8204130Z","plateau","baseline_4","4","k6","7724","True","0.127","61.562","89.254","18"
"2026-08-17T12:09:35.8713120Z","plateau","baseline_4","4","backend","11520","True","0.063","49.699","59.285","12"
"2026-08-17T12:09:35.8713120Z","plateau","baseline_4","4","k6","7724","True","0","61.566","89.254","18"
"2026-08-17T12:09:37.9462275Z","plateau","baseline_4","4","backend","11520","True","0.126","49.699","59.285","12"
"2026-08-17T12:09:37.9462275Z","plateau","baseline_4","4","k6","7724","True","0.126","61.59","89.254","18"
"2026-08-17T12:09:39.9962658Z","plateau","baseline_4","4","backend","11520","True","0.191","49.902","59.797","12"
"2026-08-17T12:09:39.9962658Z","plateau","baseline_4","4","k6","7724","True","0","61.598","89.254","18"
"2026-08-17T12:09:42.0476631Z","plateau","baseline_4","4","backend","11520","True","0.19","50.129","59.797","12"
"2026-08-17T12:09:42.0476631Z","plateau","baseline_4","4","k6","7724","True","0.444","61.621","89.254","18"
"2026-08-17T12:09:44.1288010Z","plateau","baseline_4","4","backend","11520","True","0.125","50.309","59.797","12"
"2026-08-17T12:09:44.1288010Z","plateau","baseline_4","4","k6","7724","True","0.125","61.621","89.254","18"
"2026-08-17T12:09:46.2017185Z","plateau","baseline_4","4","backend","11520","True","0","50.309","59.797","12"
"2026-08-17T12:09:46.2017185Z","plateau","baseline_4","4","k6","7724","True","0","61.629","89.254","18"
"2026-08-17T12:09:48.2468829Z","plateau","baseline_4","4","backend","11520","True","0.191","50.316","59.797","12"
"2026-08-17T12:09:48.2468829Z","plateau","baseline_4","4","k6","7724","True","0.064","61.629","89.254","18"
"2026-08-17T12:09:50.3184064Z","plateau","baseline_4","4","backend","11520","True","0.189","50.504","60.055","12"
"2026-08-17T12:09:50.3184064Z","plateau","baseline_4","4","k6","7724","True","0","61.645","89.254","18"
"2026-08-17T12:09:52.4019999Z","plateau","baseline_4","4","backend","11520","True","0.125","50.504","60.055","12"
"2026-08-17T12:09:52.4019999Z","plateau","baseline_4","4","k6","7724","True","0.125","61.645","89.254","18"
"2026-08-17T12:09:54.4403936Z","plateau","baseline_4","4","backend","11520","True","0.192","50.68","60.312","12"
"2026-08-17T12:09:54.4403936Z","plateau","baseline_4","4","k6","7724","True","0","61.645","89.254","18"
"2026-08-17T12:09:56.5066289Z","plateau","baseline_4","4","backend","11520","True","0.189","50.754","60.312","12"
"2026-08-17T12:09:56.5066289Z","plateau","baseline_4","4","k6","7724","True","0","61.645","89.254","18"
"2026-08-17T12:09:58.5436402Z","plateau","baseline_4","4","backend","11520","True","0.064","50.754","60.312","12"
"2026-08-17T12:09:58.5436402Z","plateau","baseline_4","4","k6","7724","True","0.192","61.645","89.254","18"
"2026-08-17T12:10:00.5723478Z","plateau","baseline_4","4","backend","11520","True","0.128","50.879","60.312","12"
"2026-08-17T12:10:00.5723478Z","plateau","baseline_4","4","k6","7724","True","0","61.645","89.254","18"
"2026-08-17T12:10:02.6156085Z","plateau","baseline_4","4","backend","11520","True","0","50.879","60.312","12"
"2026-08-17T12:10:02.6156085Z","plateau","baseline_4","4","k6","7724","True","0","61.645","89.254","18"
"2026-08-17T12:10:04.6739978Z","plateau","baseline_4","4","backend","11520","True","0.063","50.895","60.574","12"
"2026-08-17T12:10:04.6739978Z","plateau","baseline_4","4","k6","7724","True","0.127","61.645","89.254","18"
"2026-08-17T12:10:06.7199234Z","plateau","baseline_4","4","backend","11520","True","0.064","51.133","60.574","12"
"2026-08-17T12:10:06.7199234Z","plateau","baseline_4","4","k6","7724","True","0.127","61.648","89.254","18"
"2026-08-17T12:10:08.8062050Z","plateau","baseline_4","4","backend","11520","True","0.25","51.133","60.574","12"
"2026-08-17T12:10:08.8062050Z","plateau","baseline_4","4","k6","7724","True","0.062","61.652","89.254","18"
"2026-08-17T12:10:10.8637514Z","plateau","baseline_4","4","backend","11520","True","0.063","51.309","61.094","12"
"2026-08-17T12:10:10.8637514Z","plateau","baseline_4","4","k6","7724","True","0","61.66","89.254","18"
"2026-08-17T12:10:12.9106442Z","plateau","baseline_4","4","backend","11520","True","0.382","51.512","61.094","12"
"2026-08-17T12:10:12.9106442Z","plateau","baseline_4","4","k6","7724","True","0.318","61.66","89.254","18"
"2026-08-17T12:10:14.9637623Z","plateau","baseline_4","4","backend","11520","True","0","51.512","61.094","12"
"2026-08-17T12:10:14.9637623Z","plateau","baseline_4","4","k6","7724","True","0.063","61.66","89.254","18"
"2026-08-17T12:10:17.0263443Z","plateau","baseline_4","4","backend","11520","True","0","51.512","61.094","12"
"2026-08-17T12:10:17.0263443Z","plateau","baseline_4","4","k6","7724","True","0.063","61.68","89.254","18"
"2026-08-17T12:10:19.0740498Z","plateau","baseline_4","4","backend","11520","True","0.127","51.309","60.512","12"
"2026-08-17T12:10:19.0740498Z","plateau","baseline_4","4","k6","7724","True","0","61.68","89.254","18"
"2026-08-17T12:10:21.1136449Z","plateau","baseline_4","4","backend","11520","True","0.383","51.73","61.457","12"
"2026-08-17T12:10:21.1136449Z","plateau","baseline_4","4","k6","7724","True","0.255","61.684","89.254","18"
"2026-08-17T12:10:23.1488511Z","plateau","baseline_4","4","backend","11520","True","0","51.84","61.715","12"
"2026-08-17T12:10:23.1488511Z","plateau","baseline_4","4","k6","7724","True","0.128","61.695","89.254","18"
"2026-08-17T12:10:25.2065783Z","plateau","baseline_4","4","backend","11520","True","0.316","52.207","61.57","12"
"2026-08-17T12:10:25.2065783Z","plateau","baseline_4","4","k6","7724","True","0.127","61.676","89.191","16"
"2026-08-17T12:10:27.2582914Z","plateau","baseline_4","4","backend","11520","True","0.127","52.426","61.828","12"
"2026-08-17T12:10:27.2582914Z","plateau","baseline_4","4","k6","7724","True","0.063","61.68","89.191","16"
"2026-08-17T12:10:29.2918535Z","plateau","baseline_4","4","backend","11520","True","0","52.426","61.828","12"
"2026-08-17T12:10:29.2918535Z","plateau","baseline_4","4","k6","7724","True","0","61.68","89.191","16"
"2026-08-17T12:10:31.3362197Z","plateau","baseline_4","4","backend","11520","True","0.127","52.426","61.828","12"
"2026-08-17T12:10:31.3362197Z","plateau","baseline_4","4","k6","7724","True","0","61.68","89.191","16"
"2026-08-17T12:10:33.3646037Z","plateau","baseline_4","4","backend","11520","True","0.257","52.426","61.828","12"
"2026-08-17T12:10:33.3646037Z","plateau","baseline_4","4","k6","7724","True","0","61.688","89.191","16"
"2026-08-17T12:10:35.4226459Z","plateau","baseline_4","4","backend","11520","True","0.127","52.832","62.121","12"
"2026-08-17T12:10:35.4226459Z","plateau","baseline_4","4","k6","7724","True","0.569","61.707","89.191","16"
"2026-08-17T12:10:37.4824731Z","plateau","baseline_4","4","backend","11520","True","0.063","52.832","62.121","12"
"2026-08-17T12:10:37.4824731Z","plateau","baseline_4","4","k6","7724","True","0.063","61.707","89.191","16"
"2026-08-17T12:10:39.5138308Z","plateau","baseline_4","4","backend","11520","True","0.192","52.961","62.121","12"
"2026-08-17T12:10:39.5138308Z","plateau","baseline_4","4","k6","7724","True","0.064","61.707","89.191","16"
"2026-08-17T12:10:41.5666863Z","transition","transition_4_to_8","8","backend","11520","True","0.19","52.965","62.402","12"
"2026-08-17T12:10:41.5666863Z","transition","transition_4_to_8","8","k6","7724","True","0","61.707","89.191","16"
"2026-08-17T12:10:43.6101325Z","transition","transition_4_to_8","8","backend","11520","True","0.064","53.16","62.918","12"
"2026-08-17T12:10:43.6101325Z","transition","transition_4_to_8","8","k6","7724","True","0.127","61.707","89.191","16"
"2026-08-17T12:10:45.6741349Z","transition","transition_4_to_8","8","backend","11520","True","0.063","53.168","62.918","12"
"2026-08-17T12:10:45.6741349Z","transition","transition_4_to_8","8","k6","7724","True","0.063","61.707","89.191","16"
"2026-08-17T12:10:47.7244895Z","transition","transition_4_to_8","8","backend","11520","True","0.381","53.402","62.918","12"
"2026-08-17T12:10:47.7244895Z","transition","transition_4_to_8","8","k6","7724","True","0.064","61.707","89.191","16"
"2026-08-17T12:10:49.7689108Z","transition","transition_4_to_8","8","backend","11520","True","0.064","53.406","62.918","12"
"2026-08-17T12:10:49.7689108Z","transition","transition_4_to_8","8","k6","7724","True","0","61.723","89.191","16"
"2026-08-17T12:10:51.8308274Z","transition","transition_4_to_8","8","backend","11520","True","0.316","53.449","63.41","12"
"2026-08-17T12:10:51.8308274Z","transition","transition_4_to_8","8","k6","7724","True","0.442","61.766","89.191","16"
"2026-08-17T12:10:53.8633460Z","transition","transition_4_to_8","8","backend","11520","True","0.064","53.457","63.41","12"
"2026-08-17T12:10:53.8633460Z","transition","transition_4_to_8","8","k6","7724","True","0","61.766","89.191","16"
"2026-08-17T12:10:55.9182541Z","transition","transition_4_to_8","8","backend","11520","True","0.19","54.094","64.148","12"
"2026-08-17T12:10:55.9182541Z","transition","transition_4_to_8","8","k6","7724","True","0","61.77","89.191","16"
"2026-08-17T12:10:57.9816776Z","transition","transition_4_to_8","8","backend","11520","True","0.126","54.094","64.148","12"
"2026-08-17T12:10:57.9816776Z","transition","transition_4_to_8","8","k6","7724","True","0.063","61.77","89.191","16"
"2026-08-17T12:11:00.0279207Z","transition","transition_4_to_8","8","backend","11520","True","0.191","54.094","64.148","12"
"2026-08-17T12:11:00.0279207Z","transition","transition_4_to_8","8","k6","7724","True","0.127","61.789","89.191","16"
"2026-08-17T12:11:02.1209895Z","transition","transition_4_to_8","8","backend","11520","True","0.373","54.117","64.148","12"
"2026-08-17T12:11:02.1209895Z","transition","transition_4_to_8","8","k6","7724","True","0.062","61.797","89.191","16"
"2026-08-17T12:11:04.1936900Z","transition","transition_4_to_8","8","backend","11520","True","0.377","54.117","64.148","12"
"2026-08-17T12:11:04.1936900Z","transition","transition_4_to_8","8","k6","7724","True","0.188","61.809","89.191","16"
"2026-08-17T12:11:06.2363409Z","transition","transition_4_to_8","8","backend","11520","True","0.127","54.156","64.148","12"
"2026-08-17T12:11:06.2363409Z","transition","transition_4_to_8","8","k6","7724","True","0.51","61.852","89.191","16"
"2026-08-17T12:11:08.3056804Z","transition","transition_4_to_8","8","backend","11520","True","0.189","54.32","64.219","14"
"2026-08-17T12:11:08.3056804Z","transition","transition_4_to_8","8","k6","7724","True","0","61.852","89.191","16"
"2026-08-17T12:11:10.3589931Z","plateau","anchor_8","8","backend","11520","True","0.38","54.32","64.219","14"
"2026-08-17T12:11:10.3589931Z","plateau","anchor_8","8","k6","7724","True","0","61.855","89.191","16"
"2026-08-17T12:11:12.4687349Z","plateau","anchor_8","8","backend","11520","True","0.37","54.113","63.836","14"
"2026-08-17T12:11:12.4687349Z","plateau","anchor_8","8","k6","7724","True","0.062","61.867","89.191","16"
"2026-08-17T12:11:14.5222922Z","plateau","anchor_8","8","backend","11520","True","0.254","54.18","63.84","14"
"2026-08-17T12:11:14.5222922Z","plateau","anchor_8","8","k6","7724","True","0","61.867","89.191","16"
"2026-08-17T12:11:16.5765777Z","plateau","anchor_8","8","backend","11520","True","0.317","54.184","63.848","14"
"2026-08-17T12:11:16.5765777Z","plateau","anchor_8","8","k6","7724","True","0","61.883","89.191","16"
"2026-08-17T12:11:18.6428921Z","plateau","anchor_8","8","backend","11520","True","0.189","54.184","63.848","14"
"2026-08-17T12:11:18.6428921Z","plateau","anchor_8","8","k6","7724","True","0","61.883","89.191","16"
"2026-08-17T12:11:20.7121231Z","plateau","anchor_8","8","backend","11520","True","0.126","54.332","63.844","14"
"2026-08-17T12:11:20.7121231Z","plateau","anchor_8","8","k6","7724","True","0","61.914","89.191","16"
"2026-08-17T12:11:22.7513152Z","plateau","anchor_8","8","backend","11520","True","0.383","54.34","63.852","14"
"2026-08-17T12:11:22.7513152Z","plateau","anchor_8","8","k6","7724","True","0.511","62.328","89.266","16"
"2026-08-17T12:11:24.7829959Z","plateau","anchor_8","8","backend","11520","True","0.385","54.34","63.852","14"
"2026-08-17T12:11:24.7829959Z","plateau","anchor_8","8","k6","7724","True","0.128","62.457","89.266","16"
"2026-08-17T12:11:26.8186871Z","plateau","anchor_8","8","backend","11520","True","0.128","54.309","63.754","14"
"2026-08-17T12:11:26.8186871Z","plateau","anchor_8","8","k6","7724","True","0.192","62.48","89.266","16"
"2026-08-17T12:11:28.8849418Z","plateau","anchor_8","8","backend","11520","True","0.126","54.32","63.766","14"
"2026-08-17T12:11:28.8849418Z","plateau","anchor_8","8","k6","7724","True","0","62.52","89.266","16"
"2026-08-17T12:11:30.9304069Z","plateau","anchor_8","8","backend","11520","True","0.127","54.375","63.875","14"
"2026-08-17T12:11:30.9304069Z","plateau","anchor_8","8","k6","7724","True","0.127","62.531","89.266","16"
"2026-08-17T12:11:32.9731471Z","plateau","anchor_8","8","backend","11520","True","0.064","54.375","63.875","14"
"2026-08-17T12:11:32.9731471Z","plateau","anchor_8","8","k6","7724","True","0","62.535","89.266","16"
"2026-08-17T12:11:35.0225691Z","plateau","anchor_8","8","backend","11520","True","0.254","54.332","63.762","14"
"2026-08-17T12:11:35.0225691Z","plateau","anchor_8","8","k6","7724","True","0.127","62.535","89.266","16"
"2026-08-17T12:11:37.0738820Z","plateau","anchor_8","8","backend","11520","True","0.19","54.379","63.844","14"
"2026-08-17T12:11:37.0738820Z","plateau","anchor_8","8","k6","7724","True","0.19","62.547","89.266","16"
"2026-08-17T12:11:39.1426886Z","plateau","anchor_8","8","backend","11520","True","0.189","54.398","63.867","14"
"2026-08-17T12:11:39.1426886Z","plateau","anchor_8","8","k6","7724","True","0","62.742","89.312","16"
"2026-08-17T12:11:41.1834373Z","plateau","anchor_8","8","backend","11520","True","0","54.398","63.867","14"
"2026-08-17T12:11:41.1834373Z","plateau","anchor_8","8","k6","7724","True","0.319","62.742","89.312","16"
"2026-08-17T12:11:43.2348559Z","plateau","anchor_8","8","backend","11520","True","0.063","54.398","63.867","14"
"2026-08-17T12:11:43.2348559Z","plateau","anchor_8","8","k6","7724","True","0","62.742","89.312","16"
"2026-08-17T12:11:45.2729443Z","plateau","anchor_8","8","backend","11520","True","0.064","54.398","63.867","14"
"2026-08-17T12:11:45.2729443Z","plateau","anchor_8","8","k6","7724","True","0.192","62.762","89.375","16"
"2026-08-17T12:11:47.3246032Z","plateau","anchor_8","8","backend","11520","True","0.317","54.5","64.328","14"
"2026-08-17T12:11:47.3246032Z","plateau","anchor_8","8","k6","7724","True","0.127","62.762","89.375","16"
"2026-08-17T12:11:49.3931851Z","plateau","anchor_8","8","backend","11520","True","0.315","54.508","64.348","14"
"2026-08-17T12:11:49.3931851Z","plateau","anchor_8","8","k6","7724","True","0","62.766","89.375","16"
"2026-08-17T12:11:51.4529632Z","plateau","anchor_8","8","backend","11520","True","0.126","54.574","64.184","14"
"2026-08-17T12:11:51.4529632Z","plateau","anchor_8","8","k6","7724","True","0.063","62.766","89.375","16"
"2026-08-17T12:11:53.5089879Z","plateau","anchor_8","8","backend","11520","True","0.253","54.586","64.195","14"
"2026-08-17T12:11:53.5089879Z","plateau","anchor_8","8","k6","7724","True","0","62.77","89.375","16"
"2026-08-17T12:11:55.5888321Z","plateau","anchor_8","8","backend","11520","True","0.25","54.594","64.207","14"
"2026-08-17T12:11:55.5888321Z","plateau","anchor_8","8","k6","7724","True","0.563","62.77","89.375","16"
"2026-08-17T12:11:57.6439080Z","plateau","anchor_8","8","backend","11520","True","0.19","54.688","64.352","14"
"2026-08-17T12:11:57.6439080Z","plateau","anchor_8","8","k6","7724","True","0.063","62.133","89.375","16"
"2026-08-17T12:11:59.6948462Z","plateau","anchor_8","8","backend","11520","True","0.381","54.613","63.922","14"
"2026-08-17T12:11:59.6948462Z","plateau","anchor_8","8","k6","7724","True","0.127","62.152","89.375","16"
"2026-08-17T12:12:01.7464205Z","plateau","anchor_8","8","backend","11520","True","0.254","54.324","63.488","14"
"2026-08-17T12:12:01.7464205Z","plateau","anchor_8","8","k6","7724","True","0.063","62.156","89.375","16"
"2026-08-17T12:12:03.8039513Z","plateau","anchor_8","8","backend","11520","True","0.316","54.605","64.477","14"
"2026-08-17T12:12:03.8039513Z","plateau","anchor_8","8","k6","7724","True","0.063","62.164","89.375","16"
"2026-08-17T12:12:05.8360061Z","plateau","anchor_8","8","backend","11520","True","0.32","54.609","64.48","14"
"2026-08-17T12:12:05.8360061Z","plateau","anchor_8","8","k6","7724","True","0.064","62.164","89.375","16"
"2026-08-17T12:12:07.8754565Z","plateau","anchor_8","8","backend","11520","True","0.192","54.609","64.48","14"
"2026-08-17T12:12:07.8754565Z","plateau","anchor_8","8","k6","7724","True","0","62.164","89.375","16"
"2026-08-17T12:12:09.9206724Z","plateau","anchor_8","8","backend","11520","True","0.255","54.613","64.48","14"
"2026-08-17T12:12:09.9206724Z","plateau","anchor_8","8","k6","7724","True","0.127","62.164","89.375","16"
"2026-08-17T12:12:11.9712863Z","plateau","anchor_8","8","backend","11520","True","0.317","54.613","64.48","14"
"2026-08-17T12:12:11.9712863Z","plateau","anchor_8","8","k6","7724","True","0.127","62.168","89.375","16"
"2026-08-17T12:12:14.0424940Z","plateau","anchor_8","8","backend","11520","True","0.503","54.746","64.375","14"
"2026-08-17T12:12:14.0424940Z","plateau","anchor_8","8","k6","7724","True","0.88","62.234","89.406","16"
"2026-08-17T12:12:16.1112239Z","plateau","anchor_8","8","backend","11520","True","0.126","54.836","64.375","14"
"2026-08-17T12:12:16.1112239Z","plateau","anchor_8","8","k6","7724","True","0","62.238","89.406","16"
"2026-08-17T12:12:18.1667736Z","plateau","anchor_8","8","backend","11520","True","0.317","54.836","64.375","14"
"2026-08-17T12:12:18.1667736Z","plateau","anchor_8","8","k6","7724","True","0.063","62.238","89.406","16"
"2026-08-17T12:12:20.2258516Z","plateau","anchor_8","8","backend","11520","True","0.126","55.129","64.891","14"
"2026-08-17T12:12:20.2258516Z","plateau","anchor_8","8","k6","7724","True","0.126","62.246","89.406","16"
"2026-08-17T12:12:22.2962418Z","plateau","anchor_8","8","backend","11520","True","0.063","55.129","64.891","14"
"2026-08-17T12:12:22.2962418Z","plateau","anchor_8","8","k6","7724","True","0.063","62.246","89.406","16"
"2026-08-17T12:12:24.3394105Z","plateau","anchor_8","8","backend","11520","True","0.446","55.383","65.152","14"
"2026-08-17T12:12:24.3394105Z","plateau","anchor_8","8","k6","7724","True","0.064","62.254","89.406","16"
"2026-08-17T12:12:26.3923394Z","plateau","anchor_8","8","backend","11520","True","0.127","55.57","65.152","14"
"2026-08-17T12:12:26.3923394Z","plateau","anchor_8","8","k6","7724","True","0.063","62.254","89.406","16"
"2026-08-17T12:12:28.4539084Z","plateau","anchor_8","8","backend","11520","True","0.316","55.789","65.41","14"
"2026-08-17T12:12:28.4539084Z","plateau","anchor_8","8","k6","7724","True","0.379","62.312","89.406","16"
"2026-08-17T12:12:30.5200135Z","plateau","anchor_8","8","backend","11520","True","0.693","56.031","65.668","14"
"2026-08-17T12:12:30.5200135Z","plateau","anchor_8","8","k6","7724","True","0.252","62.328","89.406","16"
"2026-08-17T12:12:32.6233394Z","plateau","anchor_8","8","backend","11520","True","0.186","56.031","65.668","14"
"2026-08-17T12:12:32.6233394Z","plateau","anchor_8","8","k6","7724","True","0.186","62.328","89.406","16"
"2026-08-17T12:12:34.7140674Z","plateau","anchor_8","8","backend","11520","True","0.249","55.613","65.02","14"
"2026-08-17T12:12:34.7140674Z","plateau","anchor_8","8","k6","7724","True","0.187","62.336","89.406","16"
"2026-08-17T12:12:36.7654034Z","plateau","anchor_8","8","backend","11520","True","0.19","55.613","65.02","14"
"2026-08-17T12:12:36.7654034Z","plateau","anchor_8","8","k6","7724","True","0.063","62.34","89.406","16"
"2026-08-17T12:12:38.8163827Z","plateau","anchor_8","8","backend","11520","True","0.254","55.613","65.02","14"
"2026-08-17T12:12:38.8163827Z","plateau","anchor_8","8","k6","7724","True","0.127","62.34","89.406","16"
"2026-08-17T12:12:40.8758030Z","plateau","anchor_8","8","backend","11520","True","0.063","55.613","65.02","14"
"2026-08-17T12:12:40.8758030Z","plateau","anchor_8","8","k6","7724","True","0","62.34","89.406","16"
"2026-08-17T12:12:42.9463067Z","plateau","anchor_8","8","backend","11520","True","0.44","55.613","65.02","14"
"2026-08-17T12:12:42.9463067Z","plateau","anchor_8","8","k6","7724","True","0.126","62.344","89.406","16"
"2026-08-17T12:12:44.9865260Z","plateau","anchor_8","8","backend","11520","True","0.383","55.762","65.57","14"
"2026-08-17T12:12:44.9865260Z","plateau","anchor_8","8","k6","7724","True","0.319","62.344","89.406","16"
"2026-08-17T12:12:47.0142770Z","plateau","anchor_8","8","backend","11520","True","0.128","55.762","65.57","14"
"2026-08-17T12:12:47.0142770Z","plateau","anchor_8","8","k6","7724","True","0","62.344","89.406","16"
"2026-08-17T12:12:49.0818578Z","plateau","anchor_8","8","backend","11520","True","0.189","55.816","65.629","14"
"2026-08-17T12:12:49.0818578Z","plateau","anchor_8","8","k6","7724","True","0.063","62.348","89.406","16"
"2026-08-17T12:12:51.1416635Z","plateau","anchor_8","8","backend","11520","True","0.695","55.938","66.133","12"
"2026-08-17T12:12:51.1416635Z","plateau","anchor_8","8","k6","7724","True","0.316","62.348","89.406","16"
"2026-08-17T12:12:53.1925738Z","plateau","anchor_8","8","backend","11520","True","0.254","55.938","66.133","12"
"2026-08-17T12:12:53.1925738Z","plateau","anchor_8","8","k6","7724","True","0.127","62.352","89.406","16"
"2026-08-17T12:12:55.2539644Z","plateau","anchor_8","8","backend","11520","True","0.063","55.938","66.133","12"
"2026-08-17T12:12:55.2539644Z","plateau","anchor_8","8","k6","7724","True","0.253","62.352","89.406","16"
"2026-08-17T12:12:57.3025159Z","plateau","anchor_8","8","backend","11520","True","0.318","56.031","66.41","12"
"2026-08-17T12:12:57.3025159Z","plateau","anchor_8","8","k6","7724","True","0","62.352","89.406","16"
"2026-08-17T12:12:59.3538141Z","plateau","anchor_8","8","backend","11520","True","0.381","56.035","66.41","12"
"2026-08-17T12:12:59.3538141Z","plateau","anchor_8","8","k6","7724","True","0.127","62.355","89.406","16"
"2026-08-17T12:13:01.4078036Z","plateau","anchor_8","8","backend","11520","True","0.19","56.035","66.41","12"
"2026-08-17T12:13:01.4078036Z","plateau","anchor_8","8","k6","7724","True","0.444","62.359","89.406","16"
"2026-08-17T12:13:03.4461896Z","plateau","anchor_8","8","backend","11520","True","0.128","56.035","66.41","12"
"2026-08-17T12:13:03.4461896Z","plateau","anchor_8","8","k6","7724","True","0.064","62.359","89.406","16"
"2026-08-17T12:13:05.4885564Z","plateau","anchor_8","8","backend","11520","True","0.064","56.035","66.41","12"
"2026-08-17T12:13:05.4885564Z","plateau","anchor_8","8","k6","7724","True","0","62.363","89.406","16"
"2026-08-17T12:13:07.5404253Z","plateau","anchor_8","8","backend","11520","True","0.127","56.035","66.41","12"
"2026-08-17T12:13:07.5404253Z","plateau","anchor_8","8","k6","7724","True","0.127","62.383","89.656","16"
"2026-08-17T12:13:09.6232761Z","plateau","anchor_8","8","backend","11520","True","0.125","56.035","66.41","12"
"2026-08-17T12:13:09.6232761Z","plateau","anchor_8","8","k6","7724","True","0.125","62.391","89.656","16"
"2026-08-17T12:13:11.6877747Z","transition","transition_8_to_12","12","backend","11520","True","0.315","56.086","66.41","12"
"2026-08-17T12:13:11.6877747Z","transition","transition_8_to_12","12","k6","7724","True","0.126","62.48","89.691","17"
"2026-08-17T12:13:13.7452979Z","transition","transition_8_to_12","12","backend","11520","True","0.19","56.094","66.41","12"
"2026-08-17T12:13:13.7452979Z","transition","transition_8_to_12","12","k6","7724","True","0","62.484","89.691","17"
"2026-08-17T12:13:15.7936932Z","transition","transition_8_to_12","12","backend","11520","True","0","56.094","66.41","12"
"2026-08-17T12:13:15.7936932Z","transition","transition_8_to_12","12","k6","7724","True","0.064","62.484","89.691","17"
"2026-08-17T12:13:17.8424770Z","transition","transition_8_to_12","12","backend","11520","True","0.254","56.094","66.41","12"
"2026-08-17T12:13:17.8424770Z","transition","transition_8_to_12","12","k6","7724","True","0.191","62.504","89.723","17"
"2026-08-17T12:13:19.8891967Z","transition","transition_8_to_12","12","backend","11520","True","0.445","56.094","66.41","12"
"2026-08-17T12:13:19.8891967Z","transition","transition_8_to_12","12","k6","7724","True","0.127","62.531","89.73","17"
"2026-08-17T12:13:21.9746126Z","transition","transition_8_to_12","12","backend","11520","True","0.687","56.18","66.41","12"
"2026-08-17T12:13:21.9746126Z","transition","transition_8_to_12","12","k6","7724","True","0","62.535","89.73","17"
"2026-08-17T12:13:24.0343727Z","transition","transition_8_to_12","12","backend","11520","True","0.126","56.312","66.41","12"
"2026-08-17T12:13:24.0343727Z","transition","transition_8_to_12","12","k6","7724","True","0.253","62.535","89.73","17"
"2026-08-17T12:13:26.0836566Z","transition","transition_8_to_12","12","backend","11520","True","0.508","56.316","66.414","12"
"2026-08-17T12:13:26.0836566Z","transition","transition_8_to_12","12","k6","7724","True","0","62.539","89.73","17"
"2026-08-17T12:13:28.1206478Z","transition","transition_8_to_12","12","backend","11520","True","0.128","56.316","66.414","12"
"2026-08-17T12:13:28.1206478Z","transition","transition_8_to_12","12","k6","7724","True","0","62.539","89.73","17"
"2026-08-17T12:13:30.1802943Z","transition","transition_8_to_12","12","backend","11520","True","0.379","55.82","65.027","12"
"2026-08-17T12:13:30.1802943Z","transition","transition_8_to_12","12","k6","7724","True","0","62.547","89.73","17"
"2026-08-17T12:13:32.2386607Z","transition","transition_8_to_12","12","backend","11520","True","0.253","55.965","65.402","12"
"2026-08-17T12:13:32.2386607Z","transition","transition_8_to_12","12","k6","7724","True","0.19","62.551","89.73","17"
"2026-08-17T12:13:34.2952449Z","transition","transition_8_to_12","12","backend","11520","True","0.38","56.02","65.402","12"
"2026-08-17T12:13:34.2952449Z","transition","transition_8_to_12","12","k6","7724","True","0.253","62.559","89.73","17"
"2026-08-17T12:13:36.3409040Z","transition","transition_8_to_12","12","backend","11520","True","0.191","56.172","65.406","12"
"2026-08-17T12:13:36.3409040Z","transition","transition_8_to_12","12","k6","7724","True","0","62.559","89.73","17"
"2026-08-17T12:13:38.3936946Z","transition","transition_8_to_12","12","backend","11520","True","0.381","56.051","65.039","12"
"2026-08-17T12:13:38.3936946Z","transition","transition_8_to_12","12","k6","7724","True","0.063","62.562","89.73","17"
"2026-08-17T12:13:40.4432594Z","plateau","level_12","12","backend","11520","True","0.191","56.055","65.043","12"
"2026-08-17T12:13:40.4432594Z","plateau","level_12","12","k6","7724","True","0.064","62.566","89.73","17"
"2026-08-17T12:13:42.5136881Z","plateau","level_12","12","backend","11520","True","0.252","56.055","65.043","12"
"2026-08-17T12:13:42.5136881Z","plateau","level_12","12","k6","7724","True","0.063","62.594","89.73","17"
"2026-08-17T12:13:44.5499729Z","plateau","level_12","12","backend","11520","True","0.512","56.07","65.07","12"
"2026-08-17T12:13:44.5499729Z","plateau","level_12","12","k6","7724","True","0.384","62.605","89.73","17"
"2026-08-17T12:13:46.5903067Z","plateau","level_12","12","backend","11520","True","0.702","56.246","66.238","12"
"2026-08-17T12:13:46.5903067Z","plateau","level_12","12","k6","7724","True","0.128","62.648","89.777","17"
"2026-08-17T12:13:48.6488720Z","plateau","level_12","12","backend","11520","True","0.316","56.246","66.238","12"
"2026-08-17T12:13:48.6488720Z","plateau","level_12","12","k6","7724","True","0.253","62.699","89.957","18"
"2026-08-17T12:13:50.6807941Z","plateau","level_12","12","backend","11520","True","0.32","56.246","66.238","12"
"2026-08-17T12:13:50.6807941Z","plateau","level_12","12","k6","7724","True","0.256","62.707","89.988","18"
"2026-08-17T12:13:52.7208215Z","plateau","level_12","12","backend","11520","True","0.574","56.375","66.5","12"
"2026-08-17T12:13:52.7208215Z","plateau","level_12","12","k6","7724","True","0.319","62.762","90.129","18"
"2026-08-17T12:13:54.7860793Z","plateau","level_12","12","backend","11520","True","0.378","56.691","67.492","12"
"2026-08-17T12:13:54.7860793Z","plateau","level_12","12","k6","7724","True","0.063","62.781","90.152","18"
"2026-08-17T12:13:56.8285430Z","plateau","level_12","12","backend","11520","True","0.319","56.574","66.336","12"
"2026-08-17T12:13:56.8285430Z","plateau","level_12","12","k6","7724","True","0.128","62.785","90.152","18"
"2026-08-17T12:13:58.8710182Z","plateau","level_12","12","backend","11520","True","0.319","56.605","66.34","12"
"2026-08-17T12:13:58.8710182Z","plateau","level_12","12","k6","7724","True","0","62.805","90.152","18"
"2026-08-17T12:14:00.9212946Z","plateau","level_12","12","backend","11520","True","0.508","56.605","66.344","12"
"2026-08-17T12:14:00.9212946Z","plateau","level_12","12","k6","7724","True","0.191","62.805","90.152","18"
"2026-08-17T12:14:02.9920242Z","plateau","level_12","12","backend","11520","True","0.189","56.605","66.344","12"
"2026-08-17T12:14:02.9920242Z","plateau","level_12","12","k6","7724","True","0.189","62.809","90.152","18"
"2026-08-17T12:14:05.0446717Z","plateau","level_12","12","backend","11520","True","0.634","56.496","66.215","12"
"2026-08-17T12:14:05.0446717Z","plateau","level_12","12","k6","7724","True","0.063","62.82","90.152","18"
"2026-08-17T12:14:07.1106277Z","plateau","level_12","12","backend","11520","True","0.378","56.547","66.23","12"
"2026-08-17T12:14:07.1106277Z","plateau","level_12","12","k6","7724","True","0.063","62.82","90.152","18"
"2026-08-17T12:14:09.1659591Z","plateau","level_12","12","backend","11520","True","0.507","56.562","67.176","12"
"2026-08-17T12:14:09.1659591Z","plateau","level_12","12","k6","7724","True","0.317","62.82","90.152","18"
"2026-08-17T12:14:11.2019186Z","plateau","level_12","12","backend","11520","True","0.192","56.293","65.766","12"
"2026-08-17T12:14:11.2019186Z","plateau","level_12","12","k6","7724","True","0.256","62.824","90.152","18"
"2026-08-17T12:14:13.2487256Z","plateau","level_12","12","backend","11520","True","0.445","56.516","66.023","12"
"2026-08-17T12:14:13.2487256Z","plateau","level_12","12","k6","7724","True","0.254","62.902","90.152","18"
"2026-08-17T12:14:15.2943417Z","plateau","level_12","12","backend","11520","True","0.127","56.438","66.465","12"
"2026-08-17T12:14:15.2943417Z","plateau","level_12","12","k6","7724","True","0","62.91","90.152","18"
"2026-08-17T12:14:17.3454539Z","plateau","level_12","12","backend","11520","True","0.254","56.5","66.539","12"
"2026-08-17T12:14:17.3454539Z","plateau","level_12","12","k6","7724","True","0.317","62.914","90.152","18"
"2026-08-17T12:14:19.4049411Z","plateau","level_12","12","backend","11520","True","0.632","56.5","66.539","12"
"2026-08-17T12:14:19.4049411Z","plateau","level_12","12","k6","7724","True","0.443","62.918","90.152","18"
"2026-08-17T12:14:21.4623551Z","plateau","level_12","12","backend","11520","True","0.316","56.375","65.883","12"
"2026-08-17T12:14:21.4623551Z","plateau","level_12","12","k6","7724","True","0.316","62.926","90.152","18"
"2026-08-17T12:14:23.5246494Z","plateau","level_12","12","backend","11520","True","0.189","56.438","65.875","12"
"2026-08-17T12:14:23.5246494Z","plateau","level_12","12","k6","7724","True","0.126","62.93","90.152","18"
"2026-08-17T12:14:25.6001565Z","plateau","level_12","12","backend","11520","True","0.439","56.441","65.969","12"
"2026-08-17T12:14:25.6001565Z","plateau","level_12","12","k6","7724","True","0.439","62.93","90.152","18"
"2026-08-17T12:14:27.6569689Z","plateau","level_12","12","backend","11520","True","0.38","56.422","65.844","12"
"2026-08-17T12:14:27.6569689Z","plateau","level_12","12","k6","7724","True","0.127","62.934","90.152","18"
"2026-08-17T12:14:29.7125028Z","plateau","level_12","12","backend","11520","True","0.063","56.422","65.844","12"
"2026-08-17T12:14:29.7125028Z","plateau","level_12","12","k6","7724","True","0","62.934","90.152","18"
"2026-08-17T12:14:31.7590292Z","plateau","level_12","12","backend","11520","True","0.254","56.438","65.906","12"
"2026-08-17T12:14:31.7590292Z","plateau","level_12","12","k6","7724","True","0.318","62.941","90.152","18"
"2026-08-17T12:14:33.8333660Z","plateau","level_12","12","backend","11520","True","0.251","56.438","65.906","12"
"2026-08-17T12:14:33.8333660Z","plateau","level_12","12","k6","7724","True","0","62.945","90.152","18"
"2026-08-17T12:14:35.8920600Z","plateau","level_12","12","backend","11520","True","0.126","56.441","65.914","12"
"2026-08-17T12:14:35.8920600Z","plateau","level_12","12","k6","7724","True","0.126","62.945","90.152","18"
"2026-08-17T12:14:37.9384716Z","plateau","level_12","12","backend","11520","True","0.445","56.457","65.941","12"
"2026-08-17T12:14:37.9384716Z","plateau","level_12","12","k6","7724","True","0.191","62.969","90.152","18"
"2026-08-17T12:14:39.9841055Z","plateau","level_12","12","backend","11520","True","0.318","56.461","65.941","12"
"2026-08-17T12:14:39.9841055Z","plateau","level_12","12","k6","7724","True","0.064","62.98","90.152","18"
"2026-08-17T12:14:42.0327227Z","plateau","level_12","12","backend","11520","True","0.191","56.566","67.25","12"
"2026-08-17T12:14:42.0327227Z","plateau","level_12","12","k6","7724","True","0.064","63.004","90.152","18"
"2026-08-17T12:14:44.0944289Z","plateau","level_12","12","backend","11520","True","0.505","56.641","67.414","12"
"2026-08-17T12:14:44.0944289Z","plateau","level_12","12","k6","7724","True","0.316","63.008","90.152","18"
"2026-08-17T12:14:46.1600124Z","plateau","level_12","12","backend","11520","True","0.189","56.723","67.422","12"
"2026-08-17T12:14:46.1600124Z","plateau","level_12","12","k6","7724","True","0.126","63.012","90.152","18"
"2026-08-17T12:14:48.2186412Z","plateau","level_12","12","backend","11520","True","0.443","56.727","67.422","12"
"2026-08-17T12:14:48.2186412Z","plateau","level_12","12","k6","7724","True","0.063","63.012","90.152","18"
"2026-08-17T12:14:50.3099424Z","plateau","level_12","12","backend","11520","True","0.187","56.773","67.422","12"
"2026-08-17T12:14:50.3099424Z","plateau","level_12","12","k6","7724","True","0.311","62.941","90.152","18"
"2026-08-17T12:14:52.3824261Z","plateau","level_12","12","backend","11520","True","0.817","56.773","67.422","12"
"2026-08-17T12:14:52.3824261Z","plateau","level_12","12","k6","7724","True","0.188","62.941","90.152","18"
"2026-08-17T12:14:54.4909105Z","plateau","level_12","12","backend","11520","True","0.371","56.773","67.422","12"
"2026-08-17T12:14:54.4909105Z","plateau","level_12","12","k6","7724","True","0.062","62.949","90.152","18"
"2026-08-17T12:14:56.5987015Z","plateau","level_12","12","backend","11520","True","0.062","56.867","67.422","12"
"2026-08-17T12:14:56.5987015Z","plateau","level_12","12","k6","7724","True","0","62.953","90.152","18"
"2026-08-17T12:14:58.6404298Z","plateau","level_12","12","backend","11520","True","0.255","56.586","65.918","12"
"2026-08-17T12:14:58.6404298Z","plateau","level_12","12","k6","7724","True","0","62.953","90.152","18"
"2026-08-17T12:15:00.6784181Z","plateau","level_12","12","backend","11520","True","0.256","56.762","66.012","12"
"2026-08-17T12:15:00.6784181Z","plateau","level_12","12","k6","7724","True","0.064","62.953","90.152","18"
"2026-08-17T12:15:02.7390317Z","plateau","level_12","12","backend","11520","True","0.379","56.938","66.625","12"
"2026-08-17T12:15:02.7390317Z","plateau","level_12","12","k6","7724","True","0.506","63.023","90.223","18"
"2026-08-17T12:15:04.8096459Z","plateau","level_12","12","backend","11520","True","0.252","56.84","66.582","12"
"2026-08-17T12:15:04.8096459Z","plateau","level_12","12","k6","7724","True","0.252","63.031","90.223","18"
"2026-08-17T12:15:06.8531449Z","plateau","level_12","12","backend","11520","True","0.255","56.84","66.582","12"
"2026-08-17T12:15:06.8531449Z","plateau","level_12","12","k6","7724","True","0.255","63.035","90.223","18"
"2026-08-17T12:15:08.8907491Z","plateau","level_12","12","backend","11520","True","0.192","56.84","66.582","12"
"2026-08-17T12:15:08.8907491Z","plateau","level_12","12","k6","7724","True","0.256","63.035","90.223","18"
"2026-08-17T12:15:10.9683169Z","plateau","level_12","12","backend","11520","True","0.251","56.84","66.582","12"
"2026-08-17T12:15:10.9683169Z","plateau","level_12","12","k6","7724","True","0","63.035","90.223","18"
"2026-08-17T12:15:13.0242732Z","plateau","level_12","12","backend","11520","True","0.57","56.84","66.582","12"
"2026-08-17T12:15:13.0242732Z","plateau","level_12","12","k6","7724","True","0.127","63.039","90.223","18"
"2026-08-17T12:15:15.0820227Z","plateau","level_12","12","backend","11520","True","0.063","56.84","66.582","12"
"2026-08-17T12:15:15.0820227Z","plateau","level_12","12","k6","7724","True","0.19","63.047","90.223","18"
"2026-08-17T12:15:17.1417461Z","plateau","level_12","12","backend","11520","True","0.19","56.84","66.594","12"
"2026-08-17T12:15:17.1417461Z","plateau","level_12","12","k6","7724","True","0.443","63.047","90.223","18"
"2026-08-17T12:15:19.1963894Z","plateau","level_12","12","backend","11520","True","0.317","56.945","66.637","12"
"2026-08-17T12:15:19.1963894Z","plateau","level_12","12","k6","7724","True","0.317","63.055","90.223","18"
"2026-08-17T12:15:21.2205186Z","plateau","level_12","12","backend","11520","True","0.129","56.949","66.641","12"
"2026-08-17T12:15:21.2205186Z","plateau","level_12","12","k6","7724","True","0.193","63.055","90.223","18"
"2026-08-17T12:15:23.2741029Z","plateau","level_12","12","backend","11520","True","0.19","56.961","66.652","12"
"2026-08-17T12:15:23.2741029Z","plateau","level_12","12","k6","7724","True","0","63.055","90.223","18"
"2026-08-17T12:15:25.3125008Z","plateau","level_12","12","backend","11520","True","0.256","56.969","66.656","12"
"2026-08-17T12:15:25.3125008Z","plateau","level_12","12","k6","7724","True","0.192","63.055","90.223","18"
"2026-08-17T12:15:27.3385552Z","plateau","level_12","12","backend","11520","True","0.129","56.977","66.66","12"
"2026-08-17T12:15:27.3385552Z","plateau","level_12","12","k6","7724","True","0.129","63.059","90.223","18"
"2026-08-17T12:15:29.3951408Z","plateau","level_12","12","backend","11520","True","0.253","56.977","66.66","12"
"2026-08-17T12:15:29.3951408Z","plateau","level_12","12","k6","7724","True","0.127","63.066","90.223","18"
"2026-08-17T12:15:31.4527295Z","plateau","level_12","12","backend","11520","True","0.696","56.977","66.66","12"
"2026-08-17T12:15:31.4527295Z","plateau","level_12","12","k6","7724","True","0","63.074","90.223","18"
"2026-08-17T12:15:33.5164237Z","plateau","level_12","12","backend","11520","True","0.442","56.984","66.66","12"
"2026-08-17T12:15:33.5164237Z","plateau","level_12","12","k6","7724","True","0.189","63.074","90.223","18"
"2026-08-17T12:15:35.6086581Z","plateau","level_12","12","backend","11520","True","0.124","56.984","66.66","12"
"2026-08-17T12:15:35.6086581Z","plateau","level_12","12","k6","7724","True","0.187","63.078","90.223","18"
"2026-08-17T12:15:37.6688201Z","plateau","level_12","12","backend","11520","True","0.253","56.828","66.133","12"
"2026-08-17T12:15:37.6688201Z","plateau","level_12","12","k6","7724","True","0.063","63.086","90.223","18"
"2026-08-17T12:15:39.7104074Z","plateau","level_12","12","backend","11520","True","0.638","56.891","66.52","12"
"2026-08-17T12:15:39.7104074Z","plateau","level_12","12","k6","7724","True","0","63.086","90.223","18"
"2026-08-17T12:15:41.7636836Z","transition","transition_12_to_16","16","backend","11520","True","0.127","56.891","66.52","12"
"2026-08-17T12:15:41.7636836Z","transition","transition_12_to_16","16","k6","7724","True","0.254","63.086","90.223","18"
"2026-08-17T12:15:43.8259892Z","transition","transition_12_to_16","16","backend","11520","True","0.126","56.926","66.578","12"
"2026-08-17T12:15:43.8259892Z","transition","transition_12_to_16","16","k6","7724","True","0.126","63.086","90.223","18"
"2026-08-17T12:15:45.8688262Z","transition","transition_12_to_16","16","backend","11520","True","0.382","56.926","66.578","12"
"2026-08-17T12:15:45.8688262Z","transition","transition_12_to_16","16","k6","7724","True","0.191","63.086","90.223","18"
"2026-08-17T12:15:47.9042546Z","transition","transition_12_to_16","16","backend","11520","True","0.384","56.926","66.578","12"
"2026-08-17T12:15:47.9042546Z","transition","transition_12_to_16","16","k6","7724","True","0.128","63.086","90.223","18"
"2026-08-17T12:15:49.9619098Z","transition","transition_12_to_16","16","backend","11520","True","0.19","56.871","66.543","12"
"2026-08-17T12:15:49.9619098Z","transition","transition_12_to_16","16","k6","7724","True","0.38","63.09","90.223","18"
"2026-08-17T12:15:52.0171284Z","transition","transition_12_to_16","16","backend","11520","True","0.38","56.727","65.93","12"
"2026-08-17T12:15:52.0171284Z","transition","transition_12_to_16","16","k6","7724","True","0","63.102","90.223","18"
"2026-08-17T12:15:54.0786586Z","transition","transition_12_to_16","16","backend","11520","True","0.063","56.727","65.93","12"
"2026-08-17T12:15:54.0786586Z","transition","transition_12_to_16","16","k6","7724","True","0.063","63.102","90.223","18"
"2026-08-17T12:15:56.1337892Z","transition","transition_12_to_16","16","backend","11520","True","0.57","56.727","65.93","12"
"2026-08-17T12:15:56.1337892Z","transition","transition_12_to_16","16","k6","7724","True","0.444","63.367","90.48","18"
"2026-08-17T12:15:58.2048215Z","transition","transition_12_to_16","16","backend","11520","True","0.314","56.75","65.949","12"
"2026-08-17T12:15:58.2048215Z","transition","transition_12_to_16","16","k6","7724","True","0","63.547","90.66","18"
"2026-08-17T12:16:00.2584095Z","transition","transition_12_to_16","16","backend","11520","True","0.697","56.812","66.035","12"
"2026-08-17T12:16:00.2584095Z","transition","transition_12_to_16","16","k6","7724","True","0.317","63.594","90.672","16"
"2026-08-17T12:16:02.3215059Z","transition","transition_12_to_16","16","backend","11520","True","0.442","56.812","66.035","12"
"2026-08-17T12:16:02.3215059Z","transition","transition_12_to_16","16","k6","7724","True","0.126","63.602","90.672","16"
"2026-08-17T12:16:04.3682812Z","transition","transition_12_to_16","16","backend","11520","True","0.445","56.812","66.035","12"
"2026-08-17T12:16:04.3682812Z","transition","transition_12_to_16","16","k6","7724","True","0.254","63.609","90.672","16"
"2026-08-17T12:16:06.4328386Z","transition","transition_12_to_16","16","backend","11520","True","0.505","56.957","66.582","12"
"2026-08-17T12:16:06.4328386Z","transition","transition_12_to_16","16","k6","7724","True","0","63.629","90.688","16"
"2026-08-17T12:16:08.5042883Z","transition","transition_12_to_16","16","backend","11520","True","0.314","56.988","66.645","14"
"2026-08-17T12:16:08.5042883Z","transition","transition_12_to_16","16","k6","7724","True","0.251","63.797","90.852","16"
"2026-08-17T12:16:10.5438364Z","plateau","level_16","16","backend","11520","True","0.319","56.988","66.645","14"
"2026-08-17T12:16:10.5438364Z","plateau","level_16","16","k6","7724","True","0","63.797","90.852","16"
"2026-08-17T12:16:12.5849911Z","plateau","level_16","16","backend","11520","True","0.383","57.066","66.645","14"
"2026-08-17T12:16:12.5849911Z","plateau","level_16","16","k6","7724","True","0.064","63.805","90.852","16"
"2026-08-17T12:16:14.6565129Z","plateau","level_16","16","backend","11520","True","0.503","56.988","66.598","14"
"2026-08-17T12:16:14.6565129Z","plateau","level_16","16","k6","7724","True","0.189","63.879","90.852","16"
"2026-08-17T12:16:16.7359105Z","plateau","level_16","16","backend","11520","True","0.313","57.059","66.586","14"
"2026-08-17T12:16:16.7359105Z","plateau","level_16","16","k6","7724","True","0.063","63.887","90.852","16"
"2026-08-17T12:16:18.7933001Z","plateau","level_16","16","backend","11520","True","0.696","57.059","66.586","14"
"2026-08-17T12:16:18.7933001Z","plateau","level_16","16","k6","7724","True","0.253","63.902","90.852","16"
"2026-08-17T12:16:20.8786605Z","plateau","level_16","16","backend","11520","True","0.312","57.059","66.586","14"
"2026-08-17T12:16:20.8786605Z","plateau","level_16","16","k6","7724","True","0","63.902","90.852","16"
"2026-08-17T12:16:22.9694984Z","plateau","level_16","16","backend","11520","True","0.56","57.059","66.594","14"
"2026-08-17T12:16:22.9694984Z","plateau","level_16","16","k6","7724","True","0.311","63.918","90.852","16"
"2026-08-17T12:16:25.0435005Z","plateau","level_16","16","backend","11520","True","0.439","57.074","66.605","14"
"2026-08-17T12:16:25.0435005Z","plateau","level_16","16","k6","7724","True","0.126","63.922","90.852","16"
"2026-08-17T12:16:27.1095110Z","plateau","level_16","16","backend","11520","True","0.063","57.133","66.609","14"
"2026-08-17T12:16:27.1095110Z","plateau","level_16","16","k6","7724","True","0.063","63.922","90.852","16"
"2026-08-17T12:16:29.1688518Z","plateau","level_16","16","backend","11520","True","0.822","57.148","66.613","14"
"2026-08-17T12:16:29.1688518Z","plateau","level_16","16","k6","7724","True","0.506","64.012","90.938","16"
"2026-08-17T12:16:31.2304224Z","plateau","level_16","16","backend","11520","True","0.568","57.215","66.617","14"
"2026-08-17T12:16:31.2304224Z","plateau","level_16","16","k6","7724","True","0.253","64.02","90.938","16"
"2026-08-17T12:16:33.3073441Z","plateau","level_16","16","backend","11520","True","0.376","57.223","66.621","14"
"2026-08-17T12:16:33.3073441Z","plateau","level_16","16","k6","7724","True","0.063","64.023","90.938","16"
"2026-08-17T12:16:35.3646991Z","plateau","level_16","16","backend","11520","True","0.316","57.223","66.621","14"
"2026-08-17T12:16:35.3646991Z","plateau","level_16","16","k6","7724","True","0.38","64.023","90.938","16"
"2026-08-17T12:16:37.4584640Z","plateau","level_16","16","backend","11520","True","0.435","57.227","66.621","14"
"2026-08-17T12:16:37.4584640Z","plateau","level_16","16","k6","7724","True","0.124","64.027","90.938","16"
"2026-08-17T12:16:39.4974817Z","plateau","level_16","16","backend","11520","True","0.447","57.238","66.633","14"
"2026-08-17T12:16:39.4974817Z","plateau","level_16","16","k6","7724","True","0.766","64.273","91.156","16"
"2026-08-17T12:16:41.5705706Z","plateau","level_16","16","backend","11520","True","0.251","57.238","66.633","14"
"2026-08-17T12:16:41.5705706Z","plateau","level_16","16","k6","7724","True","0.251","64.391","91.281","16"
"2026-08-17T12:16:43.6465314Z","plateau","level_16","16","backend","11520","True","0.439","57.246","66.645","14"
"2026-08-17T12:16:43.6465314Z","plateau","level_16","16","k6","7724","True","0.251","64.395","91.281","16"
"2026-08-17T12:16:45.7218594Z","plateau","level_16","16","backend","11520","True","0.125","57.25","66.645","14"
"2026-08-17T12:16:45.7218594Z","plateau","level_16","16","k6","7724","True","0.188","64.395","91.281","16"
"2026-08-17T12:16:47.7855312Z","plateau","level_16","16","backend","11520","True","0.063","57.25","66.645","14"
"2026-08-17T12:16:47.7855312Z","plateau","level_16","16","k6","7724","True","0.379","64.395","91.281","16"
"2026-08-17T12:16:49.8381234Z","plateau","level_16","16","backend","11520","True","0.952","57.25","66.645","14"
"2026-08-17T12:16:49.8381234Z","plateau","level_16","16","k6","7724","True","0.19","64.418","91.297","16"
"2026-08-17T12:16:51.9197237Z","plateau","level_16","16","backend","11520","True","0.438","57.25","66.645","14"
"2026-08-17T12:16:51.9197237Z","plateau","level_16","16","k6","7724","True","0","64.418","91.297","16"
"2026-08-17T12:16:54.0263088Z","plateau","level_16","16","backend","11520","True","0.742","56.91","66.426","14"
"2026-08-17T12:16:54.0263088Z","plateau","level_16","16","k6","7724","True","0.185","64.418","91.297","16"
"2026-08-17T12:16:56.1258527Z","plateau","level_16","16","backend","11520","True","1.488","57.289","67.164","14"
"2026-08-17T12:16:56.1258527Z","plateau","level_16","16","k6","7724","True","0.372","64.418","91.297","16"
"2026-08-17T12:16:58.2481594Z","plateau","level_16","16","backend","11520","True","0.307","57.703","67.742","14"
"2026-08-17T12:16:58.2481594Z","plateau","level_16","16","k6","7724","True","0.123","64.418","91.297","16"
"2026-08-17T12:17:00.3443761Z","plateau","level_16","16","backend","11520","True","0.311","57.711","67.742","14"
"2026-08-17T12:17:00.3443761Z","plateau","level_16","16","k6","7724","True","0.621","64.422","91.297","16"
"2026-08-17T12:17:02.5050297Z","plateau","level_16","16","backend","11520","True","0.241","57.711","67.742","14"
"2026-08-17T12:17:02.5050297Z","plateau","level_16","16","k6","7724","True","0.362","64.422","91.297","16"
"2026-08-17T12:17:04.6058693Z","plateau","level_16","16","backend","11520","True","0.62","57.48","67.059","14"
"2026-08-17T12:17:04.6058693Z","plateau","level_16","16","k6","7724","True","0.248","64.426","91.297","16"
"2026-08-17T12:17:06.7274502Z","plateau","level_16","16","backend","11520","True","0.491","57.453","67.066","14"
"2026-08-17T12:17:06.7274502Z","plateau","level_16","16","k6","7724","True","0.184","63.82","91.297","16"
"2026-08-17T12:17:08.8678064Z","plateau","level_16","16","backend","11520","True","0.365","57.371","67.066","14"
"2026-08-17T12:17:08.8678064Z","plateau","level_16","16","k6","7724","True","0.548","62.797","91.297","16"
"2026-08-17T12:17:10.9626654Z","plateau","level_16","16","backend","11520","True","0.249","57.309","67.066","14"
"2026-08-17T12:17:10.9626654Z","plateau","level_16","16","k6","7724","True","0.249","62.031","91.305","16"
"2026-08-17T12:17:13.0385048Z","plateau","level_16","16","backend","11520","True","0.627","57.254","67.066","14"
"2026-08-17T12:17:13.0385048Z","plateau","level_16","16","k6","7724","True","0.188","61.633","91.305","16"
"2026-08-17T12:17:15.1294544Z","plateau","level_16","16","backend","11520","True","0.187","57.219","67.066","14"
"2026-08-17T12:17:15.1294544Z","plateau","level_16","16","k6","7724","True","0.249","61.207","91.305","16"
"2026-08-17T12:17:17.2527327Z","plateau","level_16","16","backend","11520","True","0.307","57.207","67.066","14"
"2026-08-17T12:17:17.2527327Z","plateau","level_16","16","k6","7724","True","0.368","61.465","91.305","16"
"2026-08-17T12:17:19.3691702Z","plateau","level_16","16","backend","11520","True","0.554","57.043","66.715","12"
"2026-08-17T12:17:19.3691702Z","plateau","level_16","16","k6","7724","True","0.185","61.93","91.305","16"
"2026-08-17T12:17:21.4822566Z","plateau","level_16","16","backend","11520","True","0.555","57.047","67.473","12"
"2026-08-17T12:17:21.4822566Z","plateau","level_16","16","k6","7724","True","0.37","62.715","91.305","16"
"2026-08-17T12:17:23.5850759Z","plateau","level_16","16","backend","11520","True","0.186","57.047","67.473","12"
"2026-08-17T12:17:23.5850759Z","plateau","level_16","16","k6","7724","True","0.124","62.961","91.305","16"
"2026-08-17T12:17:25.7332881Z","plateau","level_16","16","backend","11520","True","0.546","57.047","67.473","12"
"2026-08-17T12:17:25.7332881Z","plateau","level_16","16","k6","7724","True","0.424","63.066","91.305","16"
"2026-08-17T12:17:27.8427320Z","plateau","level_16","16","backend","11520","True","0.37","57.047","67.473","12"
"2026-08-17T12:17:27.8427320Z","plateau","level_16","16","k6","7724","True","0.247","63.09","91.305","16"
"2026-08-17T12:17:29.9287065Z","plateau","level_16","16","backend","11520","True","0.375","57.047","67.473","12"
"2026-08-17T12:17:29.9287065Z","plateau","level_16","16","k6","7724","True","0.25","63.125","91.305","16"
"2026-08-17T12:17:32.0077417Z","plateau","level_16","16","backend","11520","True","0.564","57.109","67.551","12"
"2026-08-17T12:17:32.0077417Z","plateau","level_16","16","k6","7724","True","0.626","63.297","91.305","16"
"2026-08-17T12:17:34.0498417Z","plateau","level_16","16","backend","11520","True","0.383","57.109","67.551","12"
"2026-08-17T12:17:34.0498417Z","plateau","level_16","16","k6","7724","True","0.446","63.297","91.305","16"
"2026-08-17T12:17:36.1089131Z","plateau","level_16","16","backend","11520","True","0.379","56.91","66.301","12"
"2026-08-17T12:17:36.1089131Z","plateau","level_16","16","k6","7724","True","0.19","63.336","91.305","16"
"2026-08-17T12:17:38.1599574Z","plateau","level_16","16","backend","11520","True","0.508","56.934","66.309","12"
"2026-08-17T12:17:38.1599574Z","plateau","level_16","16","k6","7724","True","0.19","63.344","91.305","16"
"2026-08-17T12:17:40.1933559Z","plateau","level_16","16","backend","11520","True","0.192","56.938","66.309","12"
"2026-08-17T12:17:40.1933559Z","plateau","level_16","16","k6","7724","True","0.448","63.344","91.305","16"
"2026-08-17T12:17:42.2829989Z","plateau","level_16","16","backend","11520","True","0.249","56.941","66.316","12"
"2026-08-17T12:17:42.2829989Z","plateau","level_16","16","k6","7724","True","0.249","63.43","91.305","16"
"2026-08-17T12:17:44.3976935Z","plateau","level_16","16","backend","11520","True","0.554","56.941","66.316","12"
"2026-08-17T12:17:44.3976935Z","plateau","level_16","16","k6","7724","True","0.369","63.438","91.305","16"
"2026-08-17T12:17:46.4891962Z","plateau","level_16","16","backend","11520","True","0.187","57.055","66.43","12"
"2026-08-17T12:17:46.4891962Z","plateau","level_16","16","k6","7724","True","0.311","63.516","91.305","16"
"2026-08-17T12:17:48.5845179Z","plateau","level_16","16","backend","11520","True","0.311","57.273","67.023","12"
"2026-08-17T12:17:48.5845179Z","plateau","level_16","16","k6","7724","True","0.249","63.543","91.305","16"
"2026-08-17T12:17:50.6826670Z","plateau","level_16","16","backend","11520","True","0.496","56.898","66.383","12"
"2026-08-17T12:17:50.6826670Z","plateau","level_16","16","k6","7724","True","0.124","63.559","91.305","16"
"2026-08-17T12:17:52.7246265Z","plateau","level_16","16","backend","11520","True","0.701","56.926","66.441","12"
"2026-08-17T12:17:52.7246265Z","plateau","level_16","16","k6","7724","True","0.51","63.594","91.305","16"
"2026-08-17T12:17:54.8676411Z","plateau","level_16","16","backend","11520","True","0.122","56.926","66.441","12"
"2026-08-17T12:17:54.8676411Z","plateau","level_16","16","k6","7724","True","0.243","63.645","91.305","16"
"2026-08-17T12:17:56.9634994Z","plateau","level_16","16","backend","11520","True","0.186","57.078","66.676","12"
"2026-08-17T12:17:56.9634994Z","plateau","level_16","16","k6","7724","True","0.249","63.75","91.305","16"
"2026-08-17T12:17:59.0115106Z","plateau","level_16","16","backend","11520","True","0.445","57.082","66.676","12"
"2026-08-17T12:17:59.0115106Z","plateau","level_16","16","k6","7724","True","0.254","63.758","91.305","16"
"2026-08-17T12:18:01.0751571Z","plateau","level_16","16","backend","11520","True","0.252","57.082","66.676","12"
"2026-08-17T12:18:01.0751571Z","plateau","level_16","16","k6","7724","True","0.631","63.766","91.305","16"
"2026-08-17T12:18:03.1092865Z","plateau","level_16","16","backend","11520","True","0.256","57.082","66.676","12"
"2026-08-17T12:18:03.1092865Z","plateau","level_16","16","k6","7724","True","0.32","63.766","91.305","16"
"2026-08-17T12:18:05.1641919Z","plateau","level_16","16","backend","11520","True","0.507","57.082","66.676","12"
"2026-08-17T12:18:05.1641919Z","plateau","level_16","16","k6","7724","True","0.127","63.766","91.305","16"
"2026-08-17T12:18:07.2195727Z","plateau","level_16","16","backend","11520","True","0.443","57.082","66.676","12"
"2026-08-17T12:18:07.2195727Z","plateau","level_16","16","k6","7724","True","0.317","63.766","91.305","16"
"2026-08-17T12:18:09.2600414Z","plateau","level_16","16","backend","11520","True","0.319","57.082","66.676","12"
"2026-08-17T12:18:09.2600414Z","plateau","level_16","16","k6","7724","True","0.191","63.766","91.305","16"
"2026-08-17T12:18:11.3155494Z","transition","transition_16_to_20","20","backend","11520","True","0.38","57.082","66.676","12"
"2026-08-17T12:18:11.3155494Z","transition","transition_16_to_20","20","k6","7724","True","0.063","63.781","91.336","17"
"2026-08-17T12:18:13.3673486Z","transition","transition_16_to_20","20","backend","11520","True","0.825","56.98","67.504","12"
"2026-08-17T12:18:13.3673486Z","transition","transition_16_to_20","20","k6","7724","True","0.254","63.781","91.336","17"
"2026-08-17T12:18:15.4293200Z","transition","transition_16_to_20","20","backend","11520","True","0.253","56.984","67.508","12"
"2026-08-17T12:18:15.4293200Z","transition","transition_16_to_20","20","k6","7724","True","0.505","63.797","91.336","17"
"2026-08-17T12:18:17.5025383Z","transition","transition_16_to_20","20","backend","11520","True","0.628","56.984","67.508","12"
"2026-08-17T12:18:17.5025383Z","transition","transition_16_to_20","20","k6","7724","True","0.251","63.797","91.336","17"
"2026-08-17T12:18:19.5454431Z","transition","transition_16_to_20","20","backend","11520","True","0.382","57.035","67.566","12"
"2026-08-17T12:18:19.5454431Z","transition","transition_16_to_20","20","k6","7724","True","0.127","63.801","91.336","17"
"2026-08-17T12:18:21.5805292Z","transition","transition_16_to_20","20","backend","11520","True","0.384","57.133","67.637","12"
"2026-08-17T12:18:21.5805292Z","transition","transition_16_to_20","20","k6","7724","True","0.192","63.809","91.336","17"
"2026-08-17T12:18:23.6121765Z","transition","transition_16_to_20","20","backend","11520","True","0.192","57.133","67.637","12"
"2026-08-17T12:18:23.6121765Z","transition","transition_16_to_20","20","k6","7724","True","0.064","63.809","91.336","17"
"2026-08-17T12:18:25.6897074Z","transition","transition_16_to_20","20","backend","11520","True","0.501","57.133","67.637","12"
"2026-08-17T12:18:25.6897074Z","transition","transition_16_to_20","20","k6","7724","True","0.439","63.922","91.402","17"
"2026-08-17T12:18:27.7384643Z","transition","transition_16_to_20","20","backend","11520","True","0.445","57.133","67.637","12"
"2026-08-17T12:18:27.7384643Z","transition","transition_16_to_20","20","k6","7724","True","0.064","63.926","91.402","17"
"2026-08-17T12:18:29.7885192Z","transition","transition_16_to_20","20","backend","11520","True","0.445","57.133","67.637","12"
"2026-08-17T12:18:29.7885192Z","transition","transition_16_to_20","20","k6","7724","True","0.254","63.926","91.402","17"
"2026-08-17T12:18:31.8366327Z","transition","transition_16_to_20","20","backend","11520","True","0.636","57.133","67.637","12"
"2026-08-17T12:18:31.8366327Z","transition","transition_16_to_20","20","k6","7724","True","0.127","63.93","91.402","17"
"2026-08-17T12:18:33.9048733Z","transition","transition_16_to_20","20","backend","11520","True","0.63","57.137","67.637","12"
"2026-08-17T12:18:33.9048733Z","transition","transition_16_to_20","20","k6","7724","True","0.126","63.93","91.402","17"
"2026-08-17T12:18:35.9659768Z","transition","transition_16_to_20","20","backend","11520","True","0.569","57.328","67.484","12"
"2026-08-17T12:18:35.9659768Z","transition","transition_16_to_20","20","k6","7724","True","0.758","63.938","91.402","17"
"2026-08-17T12:18:38.0477096Z","transition","transition_16_to_20","20","backend","11520","True","0.313","57.332","67.578","12"
"2026-08-17T12:18:38.0477096Z","transition","transition_16_to_20","20","k6","7724","True","0.063","63.938","91.402","17"
"2026-08-17T12:18:40.1021943Z","plateau","level_20","20","backend","11520","True","0.697","57.379","67.578","12"
"2026-08-17T12:18:40.1021943Z","plateau","level_20","20","k6","7724","True","0.127","63.938","91.402","17"
"2026-08-17T12:18:42.1655755Z","plateau","level_20","20","backend","11520","True","0.631","57.383","67.582","12"
"2026-08-17T12:18:42.1655755Z","plateau","level_20","20","k6","7724","True","0.126","63.953","91.402","17"
"2026-08-17T12:18:44.2048670Z","plateau","level_20","20","backend","11520","True","0.511","57.438","67.605","12"
"2026-08-17T12:18:44.2048670Z","plateau","level_20","20","k6","7724","True","0.128","63.953","91.402","17"
"2026-08-17T12:18:46.2651457Z","plateau","level_20","20","backend","11520","True","0.569","57.438","67.605","12"
"2026-08-17T12:18:46.2651457Z","plateau","level_20","20","k6","7724","True","0.253","63.953","91.402","17"
"2026-08-17T12:18:48.3134857Z","plateau","level_20","20","backend","11520","True","0.318","57.438","67.605","12"
"2026-08-17T12:18:48.3134857Z","plateau","level_20","20","k6","7724","True","0.254","64.012","91.402","17"
"2026-08-17T12:18:50.3653882Z","plateau","level_20","20","backend","11520","True","0.571","57.438","67.605","12"
"2026-08-17T12:18:50.3653882Z","plateau","level_20","20","k6","7724","True","0.317","64.055","91.402","17"
"2026-08-17T12:18:52.4395998Z","plateau","level_20","20","backend","11520","True","0.691","47.855","58.082","12"
"2026-08-17T12:18:52.4395998Z","plateau","level_20","20","k6","7724","True","0.126","64.055","91.402","17"
"2026-08-17T12:18:54.4892714Z","plateau","level_20","20","backend","11520","True","0.889","47.949","57.723","12"
"2026-08-17T12:18:54.4892714Z","plateau","level_20","20","k6","7724","True","0.381","64.059","91.402","17"
"2026-08-17T12:18:56.5487947Z","plateau","level_20","20","backend","11520","True","0.443","48.125","58","12"
"2026-08-17T12:18:56.5487947Z","plateau","level_20","20","k6","7724","True","0.632","64.086","91.434","18"
"2026-08-17T12:18:58.6158208Z","plateau","level_20","20","backend","11520","True","0.504","48.895","59.199","12"
"2026-08-17T12:18:58.6158208Z","plateau","level_20","20","k6","7724","True","0.063","64.094","91.434","18"
"2026-08-17T12:19:00.6398587Z","plateau","level_20","20","backend","11520","True","0.579","49.133","59.016","12"
"2026-08-17T12:19:00.6398587Z","plateau","level_20","20","k6","7724","True","0.386","64.098","91.434","18"
"2026-08-17T12:19:02.6933077Z","plateau","level_20","20","backend","11520","True","0.761","49.551","58.973","12"
"2026-08-17T12:19:02.6933077Z","plateau","level_20","20","k6","7724","True","0.254","64.102","91.434","18"
"2026-08-17T12:19:04.7393213Z","plateau","level_20","20","backend","11520","True","0.509","49.824","59.277","12"
"2026-08-17T12:19:04.7393213Z","plateau","level_20","20","k6","7724","True","0.827","64.133","91.434","18"
"2026-08-17T12:19:06.7974809Z","plateau","level_20","20","backend","11520","True","0.569","50.484","59.887","12"
"2026-08-17T12:19:06.7974809Z","plateau","level_20","20","k6","7724","True","0.506","64.262","91.434","18"
"2026-08-17T12:19:08.8365667Z","plateau","level_20","20","backend","11520","True","0.575","50.387","59.766","12"
"2026-08-17T12:19:08.8365667Z","plateau","level_20","20","k6","7724","True","0.192","64.305","91.434","18"
"2026-08-17T12:19:10.9142006Z","plateau","level_20","20","backend","11520","True","0.439","50.762","60.023","12"
"2026-08-17T12:19:10.9142006Z","plateau","level_20","20","k6","7724","True","0.251","64.359","91.457","18"
"2026-08-17T12:19:12.9629733Z","plateau","level_20","20","backend","11520","True","0.636","51.18","60.574","12"
"2026-08-17T12:19:12.9629733Z","plateau","level_20","20","k6","7724","True","0.699","64.375","91.457","18"
"2026-08-17T12:19:15.0221043Z","plateau","level_20","20","backend","11520","True","0.569","51.578","60.984","12"
"2026-08-17T12:19:15.0221043Z","plateau","level_20","20","k6","7724","True","0.126","64.379","91.457","18"
"2026-08-17T12:19:17.0630363Z","plateau","level_20","20","backend","11520","True","0.829","52.258","62.004","12"
"2026-08-17T12:19:17.0630363Z","plateau","level_20","20","k6","7724","True","0","64.379","91.457","18"
"2026-08-17T12:19:19.1225708Z","plateau","level_20","20","backend","11520","True","0.379","52.578","62.227","12"
"2026-08-17T12:19:19.1225708Z","plateau","level_20","20","k6","7724","True","0.19","64.383","91.457","18"
"2026-08-17T12:19:21.1775300Z","plateau","level_20","20","backend","11520","True","0.38","52.773","62.363","12"
"2026-08-17T12:19:21.1775300Z","plateau","level_20","20","k6","7724","True","0.19","64.383","91.457","18"
"2026-08-17T12:19:23.2204848Z","plateau","level_20","20","backend","11520","True","0.765","53.211","62.879","12"
"2026-08-17T12:19:23.2204848Z","plateau","level_20","20","k6","7724","True","0.701","64.383","91.457","18"
"2026-08-17T12:19:25.2708402Z","plateau","level_20","20","backend","11520","True","0.191","53.477","62.969","12"
"2026-08-17T12:19:25.2708402Z","plateau","level_20","20","k6","7724","True","0.127","64.383","91.457","18"
"2026-08-17T12:19:27.3274572Z","plateau","level_20","20","backend","11520","True","0.76","53.926","63.5","12"
"2026-08-17T12:19:27.3274572Z","plateau","level_20","20","k6","7724","True","0.38","64.387","91.457","18"
"2026-08-17T12:19:29.3736113Z","plateau","level_20","20","backend","11520","True","0.509","54.305","64.016","12"
"2026-08-17T12:19:29.3736113Z","plateau","level_20","20","k6","7724","True","0.318","64.387","91.457","18"
"2026-08-17T12:19:31.4232980Z","plateau","level_20","20","backend","11520","True","0.254","55.031","65.305","12"
"2026-08-17T12:19:31.4232980Z","plateau","level_20","20","k6","7724","True","0.445","64.398","91.457","18"
"2026-08-17T12:19:33.5007122Z","plateau","level_20","20","backend","11520","True","0.815","55.402","65.57","12"
"2026-08-17T12:19:33.5007122Z","plateau","level_20","20","k6","7724","True","0.188","64.484","91.457","18"
"2026-08-17T12:19:35.5590719Z","plateau","level_20","20","backend","11520","True","0.506","55.777","65.828","12"
"2026-08-17T12:19:35.5590719Z","plateau","level_20","20","k6","7724","True","0.316","64.508","91.457","18"
"2026-08-17T12:19:37.6125383Z","plateau","level_20","20","backend","11520","True","0.38","56.09","66.086","12"
"2026-08-17T12:19:37.6125383Z","plateau","level_20","20","k6","7724","True","0.254","64.512","91.457","18"
"2026-08-17T12:19:39.6655010Z","plateau","level_20","20","backend","11520","True","0.888","55.812","65.645","12"
"2026-08-17T12:19:39.6655010Z","plateau","level_20","20","k6","7724","True","0.127","64.512","91.457","18"
"2026-08-17T12:19:41.7095864Z","plateau","level_20","20","backend","11520","True","0.764","55.816","65.801","12"
"2026-08-17T12:19:41.7095864Z","plateau","level_20","20","k6","7724","True","0.191","64.512","91.457","18"
"2026-08-17T12:19:43.7721901Z","plateau","level_20","20","backend","11520","True","0.316","55.797","65.625","12"
"2026-08-17T12:19:43.7721901Z","plateau","level_20","20","k6","7724","True","0.189","64.512","91.457","18"
"2026-08-17T12:19:45.8130988Z","plateau","level_20","20","backend","11520","True","0.319","56.086","67.281","12"
"2026-08-17T12:19:45.8130988Z","plateau","level_20","20","k6","7724","True","0.447","64.52","91.457","18"
"2026-08-17T12:19:47.8799626Z","plateau","level_20","20","backend","11520","True","0.567","56.113","67.297","12"
"2026-08-17T12:19:47.8799626Z","plateau","level_20","20","k6","7724","True","0.315","64.52","91.457","18"
"2026-08-17T12:19:49.9398326Z","plateau","level_20","20","backend","11520","True","1.011","56.113","67.297","12"
"2026-08-17T12:19:49.9398326Z","plateau","level_20","20","k6","7724","True","0.063","64.535","91.457","18"
"2026-08-17T12:19:51.9963412Z","plateau","level_20","20","backend","11520","True","1.71","55.086","66.145","12"
"2026-08-17T12:19:51.9963412Z","plateau","level_20","20","k6","7724","True","0.507","64.031","91.457","18"
"2026-08-17T12:19:54.0431756Z","plateau","level_20","20","backend","11520","True","0.191","55.094","66.152","12"
"2026-08-17T12:19:54.0431756Z","plateau","level_20","20","k6","7724","True","0.127","64.031","91.457","18"
"2026-08-17T12:19:56.1031703Z","plateau","level_20","20","backend","11520","True","1.011","55.145","66.207","12"
"2026-08-17T12:19:56.1031703Z","plateau","level_20","20","k6","7724","True","0.316","64.039","91.457","18"
"2026-08-17T12:19:58.1474000Z","plateau","level_20","20","backend","11520","True","0.51","55.145","66.207","12"
"2026-08-17T12:19:58.1474000Z","plateau","level_20","20","k6","7724","True","0.127","64.039","91.457","18"
"2026-08-17T12:20:00.1703055Z","plateau","level_20","20","backend","11520","True","0.386","55.145","66.207","12"
"2026-08-17T12:20:00.1703055Z","plateau","level_20","20","k6","7724","True","0.064","64.043","91.457","18"
"2026-08-17T12:20:02.2164282Z","plateau","level_20","20","backend","11520","True","0.764","55.145","66.207","12"
"2026-08-17T12:20:02.2164282Z","plateau","level_20","20","k6","7724","True","0.191","64.043","91.457","18"
"2026-08-17T12:20:04.2676758Z","plateau","level_20","20","backend","11520","True","0.444","55.145","66.207","12"
"2026-08-17T12:20:04.2676758Z","plateau","level_20","20","k6","7724","True","0.127","64.043","91.457","18"
"2026-08-17T12:20:06.3094050Z","plateau","level_20","20","backend","11520","True","0.574","55.145","66.207","12"
"2026-08-17T12:20:06.3094050Z","plateau","level_20","20","k6","7724","True","0.128","64.043","91.457","18"
"2026-08-17T12:20:08.3672229Z","plateau","level_20","20","backend","11520","True","0.316","55.145","66.207","12"
"2026-08-17T12:20:08.3672229Z","plateau","level_20","20","k6","7724","True","0.063","64.051","91.457","18"
"2026-08-17T12:20:10.4025206Z","plateau","level_20","20","backend","11520","True","0.32","55.145","66.207","12"
"2026-08-17T12:20:10.4025206Z","plateau","level_20","20","k6","7724","True","0.192","64.055","91.457","18"
"2026-08-17T12:20:12.4644426Z","plateau","level_20","20","backend","11520","True","0.379","55.145","66.207","12"
"2026-08-17T12:20:12.4644426Z","plateau","level_20","20","k6","7724","True","0.063","64.055","91.457","18"
"2026-08-17T12:20:14.5193862Z","plateau","level_20","20","backend","11520","True","0.444","55.074","66.066","12"
"2026-08-17T12:20:14.5193862Z","plateau","level_20","20","k6","7724","True","0.19","64.055","91.457","18"
"2026-08-17T12:20:16.5629790Z","plateau","level_20","20","backend","11520","True","0.382","55.27","66.074","12"
"2026-08-17T12:20:16.5629790Z","plateau","level_20","20","k6","7724","True","0.319","64.055","91.457","18"
"2026-08-17T12:20:18.6065837Z","plateau","level_20","20","backend","11520","True","1.147","55.418","65.758","12"
"2026-08-17T12:20:18.6065837Z","plateau","level_20","20","k6","7724","True","0.064","64.055","91.457","18"
"2026-08-17T12:20:20.6740590Z","plateau","level_20","20","backend","11520","True","0.378","55.418","65.758","12"
"2026-08-17T12:20:20.6740590Z","plateau","level_20","20","k6","7724","True","0.189","64.055","91.457","18"
"2026-08-17T12:20:22.7191996Z","plateau","level_20","20","backend","11520","True","0.382","55.418","65.758","12"
"2026-08-17T12:20:22.7191996Z","plateau","level_20","20","k6","7724","True","0.064","64.055","91.457","18"
"2026-08-17T12:20:24.7874530Z","plateau","level_20","20","backend","11520","True","0.504","55.418","65.758","12"
"2026-08-17T12:20:24.7874530Z","plateau","level_20","20","k6","7724","True","0.063","64.055","91.457","18"
"2026-08-17T12:20:26.8414381Z","plateau","level_20","20","backend","11520","True","0.127","55.418","65.758","12"
"2026-08-17T12:20:26.8414381Z","plateau","level_20","20","k6","7724","True","0.824","64.062","91.457","18"
"2026-08-17T12:20:28.8759948Z","plateau","level_20","20","backend","11520","True","0.768","55.52","65.875","12"
"2026-08-17T12:20:28.8759948Z","plateau","level_20","20","k6","7724","True","0.32","64.043","91.395","16"
"2026-08-17T12:20:30.9320233Z","plateau","level_20","20","backend","11520","True","0.38","55.746","66.203","12"
"2026-08-17T12:20:30.9320233Z","plateau","level_20","20","k6","7724","True","0.253","64.047","91.395","16"
"2026-08-17T12:20:32.9822183Z","plateau","level_20","20","backend","11520","True","0.635","55.746","66.203","12"
"2026-08-17T12:20:32.9822183Z","plateau","level_20","20","k6","7724","True","0.191","64.047","91.395","16"
"2026-08-17T12:20:35.0319245Z","plateau","level_20","20","backend","11520","True","0.508","55.746","66.203","12"
"2026-08-17T12:20:35.0319245Z","plateau","level_20","20","k6","7724","True","0.381","64.047","91.395","16"
"2026-08-17T12:20:37.0840510Z","plateau","level_20","20","backend","11520","True","0.635","55.746","66.203","12"
"2026-08-17T12:20:37.0840510Z","plateau","level_20","20","k6","7724","True","0.127","64.047","91.395","16"
"2026-08-17T12:20:39.1408953Z","plateau","level_20","20","backend","11520","True","0.57","55.746","66.203","12"
"2026-08-17T12:20:39.1408953Z","plateau","level_20","20","k6","7724","True","0.063","64.047","91.395","16"
"2026-08-17T12:20:41.1934407Z","transition","transition_20_to_24","24","backend","11520","True","0.634","55.746","66.203","12"
"2026-08-17T12:20:41.1934407Z","transition","transition_20_to_24","24","k6","7724","True","0.254","64.047","91.395","16"
"2026-08-17T12:20:43.2356915Z","transition","transition_20_to_24","24","backend","11520","True","0.574","55.52","65.973","12"
"2026-08-17T12:20:43.2356915Z","transition","transition_20_to_24","24","k6","7724","True","0.064","64.047","91.395","16"
"2026-08-17T12:20:45.2794348Z","transition","transition_20_to_24","24","backend","11520","True","0.765","56.023","66.512","12"
"2026-08-17T12:20:45.2794348Z","transition","transition_20_to_24","24","k6","7724","True","0.701","64.047","91.395","16"
"2026-08-17T12:20:47.3195326Z","transition","transition_20_to_24","24","backend","11520","True","0.128","56.023","66.512","12"
"2026-08-17T12:20:47.3195326Z","transition","transition_20_to_24","24","k6","7724","True","0.064","64.047","91.395","16"
"2026-08-17T12:20:49.3425444Z","transition","transition_20_to_24","24","backend","11520","True","0.386","55.812","66.367","12"
"2026-08-17T12:20:49.3425444Z","transition","transition_20_to_24","24","k6","7724","True","0.322","64.047","91.395","16"
"2026-08-17T12:20:51.4069527Z","transition","transition_20_to_24","24","backend","11520","True","0.315","55.82","66.367","12"
"2026-08-17T12:20:51.4069527Z","transition","transition_20_to_24","24","k6","7724","True","0.126","64.051","91.395","16"
"2026-08-17T12:20:53.4570287Z","transition","transition_20_to_24","24","backend","11520","True","0.445","55.82","66.418","12"
"2026-08-17T12:20:53.4570287Z","transition","transition_20_to_24","24","k6","7724","True","0.064","64.051","91.395","16"
"2026-08-17T12:20:55.5196789Z","transition","transition_20_to_24","24","backend","11520","True","0.126","55.82","66.418","12"
"2026-08-17T12:20:55.5196789Z","transition","transition_20_to_24","24","k6","7724","True","0.505","64.172","91.508","16"
"2026-08-17T12:20:57.5695066Z","transition","transition_20_to_24","24","backend","11520","True","0.254","55.82","66.418","12"
"2026-08-17T12:20:57.5695066Z","transition","transition_20_to_24","24","k6","7724","True","0.191","64.406","91.742","16"
"2026-08-17T12:20:59.6016946Z","transition","transition_20_to_24","24","backend","11520","True","0.449","55.496","66.016","12"
"2026-08-17T12:20:59.6016946Z","transition","transition_20_to_24","24","k6","7724","True","0.128","64.516","91.844","16"
"2026-08-17T12:21:01.6296778Z","transition","transition_20_to_24","24","backend","11520","True","0.321","55.496","66.016","12"
"2026-08-17T12:21:01.6296778Z","transition","transition_20_to_24","24","k6","7724","True","0.193","64.539","91.852","16"
"2026-08-17T12:21:03.6711258Z","transition","transition_20_to_24","24","backend","11520","True","0.319","55.496","66.371","12"
"2026-08-17T12:21:03.6711258Z","transition","transition_20_to_24","24","k6","7724","True","0.255","64.555","91.852","16"
"2026-08-17T12:21:05.7308654Z","transition","transition_20_to_24","24","backend","11520","True","0.506","55.496","66.371","12"
"2026-08-17T12:21:05.7308654Z","transition","transition_20_to_24","24","k6","7724","True","0.063","64.559","91.852","16"
"2026-08-17T12:21:07.7636750Z","transition","transition_20_to_24","24","backend","11520","True","0.32","55.496","66.371","12"
"2026-08-17T12:21:07.7636750Z","transition","transition_20_to_24","24","k6","7724","True","0.064","64.57","91.852","16"
"2026-08-17T12:21:09.8357343Z","plateau","maximum_24","24","backend","11520","True","0.817","55.496","66.371","12"
"2026-08-17T12:21:09.8357343Z","plateau","maximum_24","24","k6","7724","True","0.126","64.574","91.852","16"
"2026-08-17T12:21:11.9031834Z","plateau","maximum_24","24","backend","11520","True","0.378","55.496","66.371","12"
"2026-08-17T12:21:11.9031834Z","plateau","maximum_24","24","k6","7724","True","0.063","64.672","91.852","16"
"2026-08-17T12:21:13.9357486Z","plateau","maximum_24","24","backend","11520","True","0.32","55.797","66.801","12"
"2026-08-17T12:21:13.9357486Z","plateau","maximum_24","24","k6","7724","True","0.32","64.676","91.852","16"
"2026-08-17T12:21:15.9975571Z","plateau","maximum_24","24","backend","11520","True","0.505","55.797","66.801","12"
"2026-08-17T12:21:15.9975571Z","plateau","maximum_24","24","k6","7724","True","0.063","64.68","91.852","16"
"2026-08-17T12:21:18.0544549Z","plateau","maximum_24","24","backend","11520","True","0.886","55.977","67.102","12"
"2026-08-17T12:21:18.0544549Z","plateau","maximum_24","24","k6","7724","True","0.127","64.688","91.852","16"
"2026-08-17T12:21:20.1034840Z","plateau","maximum_24","24","backend","11520","True","0.508","55.977","67.102","12"
"2026-08-17T12:21:20.1034840Z","plateau","maximum_24","24","k6","7724","True","0.254","64.688","91.852","16"
"2026-08-17T12:21:22.1473466Z","plateau","maximum_24","24","backend","11520","True","0.51","56.191","67.102","12"
"2026-08-17T12:21:22.1473466Z","plateau","maximum_24","24","k6","7724","True","0.573","64.797","91.953","16"
"2026-08-17T12:21:24.1868266Z","plateau","maximum_24","24","backend","11520","True","0.575","56.191","67.102","12"
"2026-08-17T12:21:24.1868266Z","plateau","maximum_24","24","k6","7724","True","0","64.797","91.953","16"
"2026-08-17T12:21:26.2684513Z","plateau","maximum_24","24","backend","11520","True","0.751","56.191","67.102","12"
"2026-08-17T12:21:26.2684513Z","plateau","maximum_24","24","k6","7724","True","0.438","64.805","91.953","16"
"2026-08-17T12:21:28.3128947Z","plateau","maximum_24","24","backend","11520","True","0.573","56.191","67.102","12"
"2026-08-17T12:21:28.3128947Z","plateau","maximum_24","24","k6","7724","True","0.446","64.844","92","16"
"2026-08-17T12:21:30.3604872Z","plateau","maximum_24","24","backend","11520","True","0.636","55.754","66.066","12"
"2026-08-17T12:21:30.3604872Z","plateau","maximum_24","24","k6","7724","True","0","64.855","92","16"
"2026-08-17T12:21:32.4057414Z","plateau","maximum_24","24","backend","11520","True","0.828","56.434","68.141","12"
"2026-08-17T12:21:32.4057414Z","plateau","maximum_24","24","k6","7724","True","0.191","64.863","92","16"
"2026-08-17T12:21:34.4493546Z","plateau","maximum_24","24","backend","11520","True","0.446","56.551","68.324","12"
"2026-08-17T12:21:34.4493546Z","plateau","maximum_24","24","k6","7724","True","0.191","64.867","92","16"
"2026-08-17T12:21:36.5045540Z","plateau","maximum_24","24","backend","11520","True","0.317","56.551","68.324","12"
"2026-08-17T12:21:36.5045540Z","plateau","maximum_24","24","k6","7724","True","0.887","64.867","92","16"
"2026-08-17T12:21:38.5428996Z","plateau","maximum_24","24","backend","11520","True","0.894","56.551","68.324","12"
"2026-08-17T12:21:38.5428996Z","plateau","maximum_24","24","k6","7724","True","0.128","64.867","92","16"
"2026-08-17T12:21:40.6104772Z","plateau","maximum_24","24","backend","11520","True","0.693","56.551","68.324","12"
"2026-08-17T12:21:40.6104772Z","plateau","maximum_24","24","k6","7724","True","0.189","64.867","92","16"
"2026-08-17T12:21:42.6706044Z","plateau","maximum_24","24","backend","11520","True","0.442","56.453","68.129","12"
"2026-08-17T12:21:42.6706044Z","plateau","maximum_24","24","k6","7724","True","0.19","64.871","92","16"
"2026-08-17T12:21:44.7093533Z","plateau","maximum_24","24","backend","11520","True","0.319","57.559","68.332","12"
"2026-08-17T12:21:44.7093533Z","plateau","maximum_24","24","k6","7724","True","0.83","65.191","92.312","16"
"2026-08-17T12:21:46.7641473Z","plateau","maximum_24","24","backend","11520","True","0.824","57.559","68.332","12"
"2026-08-17T12:21:46.7641473Z","plateau","maximum_24","24","k6","7724","True","0.127","65.707","92.836","16"
"2026-08-17T12:21:48.8205896Z","plateau","maximum_24","24","backend","11520","True","0.317","57.883","68.938","12"
"2026-08-17T12:21:48.8205896Z","plateau","maximum_24","24","k6","7724","True","0.253","65.863","93","16"
"2026-08-17T12:21:50.8737745Z","plateau","maximum_24","24","backend","11520","True","0.444","57.887","68.941","12"
"2026-08-17T12:21:50.8737745Z","plateau","maximum_24","24","k6","7724","True","0.127","65.898","93.031","16"
"2026-08-17T12:21:52.9121385Z","plateau","maximum_24","24","backend","11520","True","0.767","57.559","69.262","12"
"2026-08-17T12:21:52.9121385Z","plateau","maximum_24","24","k6","7724","True","0.639","65.969","93.086","16"
"2026-08-17T12:21:54.9643044Z","plateau","maximum_24","24","backend","11520","True","0.634","57.605","69.168","12"
"2026-08-17T12:21:54.9643044Z","plateau","maximum_24","24","k6","7724","True","0.381","65.969","93.086","16"
"2026-08-17T12:21:57.0217962Z","plateau","maximum_24","24","backend","11520","True","0.696","57.613","69.176","12"
"2026-08-17T12:21:57.0217962Z","plateau","maximum_24","24","k6","7724","True","0.063","65.969","93.086","16"
"2026-08-17T12:21:59.0616972Z","plateau","maximum_24","24","backend","11520","True","0.383","57.758","69.18","12"
"2026-08-17T12:21:59.0616972Z","plateau","maximum_24","24","k6","7724","True","0.064","65.969","93.086","16"
"2026-08-17T12:22:01.1117465Z","plateau","maximum_24","24","backend","11520","True","0.572","57.984","69.195","12"
"2026-08-17T12:22:01.1117465Z","plateau","maximum_24","24","k6","7724","True","0.191","65.969","93.086","16"
"2026-08-17T12:22:03.1534654Z","plateau","maximum_24","24","backend","11520","True","0.446","57.984","69.195","12"
"2026-08-17T12:22:03.1534654Z","plateau","maximum_24","24","k6","7724","True","0.128","65.969","93.086","16"
"2026-08-17T12:22:05.1824881Z","plateau","maximum_24","24","backend","11520","True","0.449","57.945","69.324","12"
"2026-08-17T12:22:05.1824881Z","plateau","maximum_24","24","k6","7724","True","0.321","65.969","93.086","16"
"2026-08-17T12:22:07.2573760Z","plateau","maximum_24","24","backend","11520","True","0.628","58.23","69.184","13"
"2026-08-17T12:22:07.2573760Z","plateau","maximum_24","24","k6","7724","True","0.251","65.973","93.086","16"
"2026-08-17T12:22:09.3038621Z","plateau","maximum_24","24","backend","11520","True","0.827","58.234","69.188","13"
"2026-08-17T12:22:09.3038621Z","plateau","maximum_24","24","k6","7724","True","0.636","65.98","93.086","16"
"2026-08-17T12:22:11.3673360Z","plateau","maximum_24","24","backend","11520","True","0.505","58.242","69.195","13"
"2026-08-17T12:22:11.3673360Z","plateau","maximum_24","24","k6","7724","True","0.063","65.98","93.086","16"
"2026-08-17T12:22:13.4235983Z","plateau","maximum_24","24","backend","11520","True","0.507","58.27","69.223","13"
"2026-08-17T12:22:13.4235983Z","plateau","maximum_24","24","k6","7724","True","0.38","65.984","93.086","16"
"2026-08-17T12:22:15.4715472Z","plateau","maximum_24","24","backend","11520","True","0.636","58.27","69.223","13"
"2026-08-17T12:22:15.4715472Z","plateau","maximum_24","24","k6","7724","True","0.636","66.004","93.086","16"
"2026-08-17T12:22:17.5225271Z","plateau","maximum_24","24","backend","11520","True","0.571","58.27","69.223","13"
"2026-08-17T12:22:17.5225271Z","plateau","maximum_24","24","k6","7724","True","0.254","66.004","93.086","16"
"2026-08-17T12:22:19.5823956Z","plateau","maximum_24","24","backend","11520","True","0.379","58.27","69.223","13"
"2026-08-17T12:22:19.5823956Z","plateau","maximum_24","24","k6","7724","True","0.19","66.004","93.086","16"
"2026-08-17T12:22:21.6374687Z","plateau","maximum_24","24","backend","11520","True","1.077","58.27","69.223","13"
"2026-08-17T12:22:21.6374687Z","plateau","maximum_24","24","k6","7724","True","0.253","66.008","93.086","16"
"2026-08-17T12:22:23.6873934Z","plateau","maximum_24","24","backend","11520","True","0.699","58.27","69.223","13"
"2026-08-17T12:22:23.6873934Z","plateau","maximum_24","24","k6","7724","True","0.445","66.008","93.086","16"
"2026-08-17T12:22:25.7339539Z","plateau","maximum_24","24","backend","11520","True","0.509","58.27","69.223","13"
"2026-08-17T12:22:25.7339539Z","plateau","maximum_24","24","k6","7724","True","0.064","66.008","93.086","16"
"2026-08-17T12:22:27.7892219Z","plateau","maximum_24","24","backend","11520","True","0.507","58.273","69.223","13"
"2026-08-17T12:22:27.7892219Z","plateau","maximum_24","24","k6","7724","True","0.253","66.02","93.086","16"
"2026-08-17T12:22:29.8395719Z","plateau","maximum_24","24","backend","11520","True","0.318","58.273","69.223","13"
"2026-08-17T12:22:29.8395719Z","plateau","maximum_24","24","k6","7724","True","0.254","66.02","93.086","16"
"2026-08-17T12:22:31.8832697Z","plateau","maximum_24","24","backend","11520","True","0.446","58.273","69.223","13"
"2026-08-17T12:22:31.8832697Z","plateau","maximum_24","24","k6","7724","True","0.701","66.023","93.086","16"
"2026-08-17T12:22:33.9426710Z","plateau","maximum_24","24","backend","11520","True","1.265","58.301","69.25","13"
"2026-08-17T12:22:33.9426710Z","plateau","maximum_24","24","k6","7724","True","0.063","66.023","93.086","16"
"2026-08-17T12:22:35.9850975Z","plateau","maximum_24","24","backend","11520","True","0.383","58.301","69.25","13"
"2026-08-17T12:22:35.9850975Z","plateau","maximum_24","24","k6","7724","True","0.255","66.023","93.086","16"
"2026-08-17T12:22:38.0383000Z","plateau","maximum_24","24","backend","11520","True","0.634","58.301","69.25","13"
"2026-08-17T12:22:38.0383000Z","plateau","maximum_24","24","k6","7724","True","0.127","66.031","93.086","16"
"2026-08-17T12:22:40.0868621Z","plateau","maximum_24","24","backend","11520","True","0.381","58.301","69.25","13"
"2026-08-17T12:22:40.0868621Z","plateau","maximum_24","24","k6","7724","True","0.318","66.043","93.086","16"
"2026-08-17T12:22:42.1393199Z","plateau","maximum_24","24","backend","11520","True","0.063","58.301","69.25","13"
"2026-08-17T12:22:42.1393199Z","plateau","maximum_24","24","k6","7724","True","0.19","66.043","93.086","16"
"2026-08-17T12:22:44.1739794Z","plateau","maximum_24","24","backend","11520","True","0.448","57.973","69.188","13"
"2026-08-17T12:22:44.1739794Z","plateau","maximum_24","24","k6","7724","True","0.128","66.043","93.086","16"
"2026-08-17T12:22:46.2294742Z","plateau","maximum_24","24","backend","11520","True","0.253","57.973","69.188","13"
"2026-08-17T12:22:46.2294742Z","plateau","maximum_24","24","k6","7724","True","0.127","66.043","93.086","16"
"2026-08-17T12:22:48.2710756Z","plateau","maximum_24","24","backend","11520","True","0.702","57.766","68.055","13"
"2026-08-17T12:22:48.2710756Z","plateau","maximum_24","24","k6","7724","True","0.319","66.043","93.086","16"
"2026-08-17T12:22:50.3236534Z","plateau","maximum_24","24","backend","11520","True","0.507","57.941","68.406","13"
"2026-08-17T12:22:50.3236534Z","plateau","maximum_24","24","k6","7724","True","0.317","66.043","93.086","16"
"2026-08-17T12:22:52.3920728Z","plateau","maximum_24","24","backend","11520","True","0.252","57.941","68.406","13"
"2026-08-17T12:22:52.3920728Z","plateau","maximum_24","24","k6","7724","True","0.252","66.043","93.086","16"
"2026-08-17T12:22:54.4431196Z","plateau","maximum_24","24","backend","11520","True","0.635","57.941","68.406","13"
"2026-08-17T12:22:54.4431196Z","plateau","maximum_24","24","k6","7724","True","0.444","66.043","93.086","16"
"2026-08-17T12:22:56.5024822Z","plateau","maximum_24","24","backend","11520","True","0.632","57.941","68.406","13"
"2026-08-17T12:22:56.5024822Z","plateau","maximum_24","24","k6","7724","True","0.19","66.047","93.086","16"
"2026-08-17T12:22:58.5393146Z","plateau","maximum_24","24","backend","11520","True","0.703","57.965","68.41","13"
"2026-08-17T12:22:58.5393146Z","plateau","maximum_24","24","k6","7724","True","0.256","66.051","93.086","16"
"2026-08-17T12:23:00.5790193Z","plateau","maximum_24","24","backend","11520","True","0.638","57.965","68.41","13"
"2026-08-17T12:23:00.5790193Z","plateau","maximum_24","24","k6","7724","True","0.255","66.059","93.086","16"
"2026-08-17T12:23:02.6292619Z","plateau","maximum_24","24","backend","11520","True","0.381","58.293","69.391","13"
"2026-08-17T12:23:02.6292619Z","plateau","maximum_24","24","k6","7724","True","0.318","66.059","93.086","16"
"2026-08-17T12:23:04.6817897Z","plateau","maximum_24","24","backend","11520","True","0.317","58.297","69.391","13"
"2026-08-17T12:23:04.6817897Z","plateau","maximum_24","24","k6","7724","True","0.19","66.059","93.086","16"
"2026-08-17T12:23:06.7212788Z","plateau","maximum_24","24","backend","11520","True","0.638","58.301","69.395","13"
"2026-08-17T12:23:06.7212788Z","plateau","maximum_24","24","k6","7724","True","0.575","66.059","93.086","16"
"2026-08-17T12:23:08.7751355Z","plateau","maximum_24","24","backend","11520","True","0.444","58.305","69.395","13"
"2026-08-17T12:23:08.7751355Z","plateau","maximum_24","24","k6","7724","True","0.317","66.059","93.086","16"
"2026-08-17T12:23:10.8014863Z","recovery_ramp","transition_24_to_4","4","backend","11520","True","0.9","58.305","69.395","13"
"2026-08-17T12:23:10.8014863Z","recovery_ramp","transition_24_to_4","4","k6","7724","True","0.129","66.059","93.086","16"
"2026-08-17T12:23:12.8475150Z","recovery_ramp","transition_24_to_4","4","backend","11520","True","0.891","58.305","69.395","13"
"2026-08-17T12:23:12.8475150Z","recovery_ramp","transition_24_to_4","4","k6","7724","True","0.318","66.059","93.086","16"
"2026-08-17T12:23:14.9054607Z","recovery_ramp","transition_24_to_4","4","backend","11520","True","0.38","58.367","69.441","13"
"2026-08-17T12:23:14.9054607Z","recovery_ramp","transition_24_to_4","4","k6","7724","True","0","66.059","93.086","16"
"2026-08-17T12:23:16.9464121Z","recovery_ramp","transition_24_to_4","4","backend","11520","True","0.447","58.367","69.441","13"
"2026-08-17T12:23:16.9464121Z","recovery_ramp","transition_24_to_4","4","k6","7724","True","0.255","66.059","93.086","16"
"2026-08-17T12:23:18.9937671Z","recovery_ramp","transition_24_to_4","4","backend","11520","True","0.382","58.367","69.441","13"
"2026-08-17T12:23:18.9937671Z","recovery_ramp","transition_24_to_4","4","k6","7724","True","0.318","66.062","93.086","16"
"2026-08-17T12:23:21.0441603Z","recovery_ramp","transition_24_to_4","4","backend","11520","True","0.762","58.371","69.441","13"
"2026-08-17T12:23:21.0441603Z","recovery_ramp","transition_24_to_4","4","k6","7724","True","0.127","66.16","93.172","16"
"2026-08-17T12:23:23.0968967Z","recovery_ramp","transition_24_to_4","4","backend","11520","True","0.698","58.371","69.441","13"
"2026-08-17T12:23:23.0968967Z","recovery_ramp","transition_24_to_4","4","k6","7724","True","0.381","66.164","93.172","16"
"2026-08-17T12:23:25.1475803Z","recovery_ramp","transition_24_to_4","4","backend","11520","True","0.317","58.375","69.441","13"
"2026-08-17T12:23:25.1475803Z","recovery_ramp","transition_24_to_4","4","k6","7724","True","0.063","66.164","93.172","16"
"2026-08-17T12:23:27.2216937Z","recovery_ramp","transition_24_to_4","4","backend","11520","True","0.188","58.375","69.441","13"
"2026-08-17T12:23:27.2216937Z","recovery_ramp","transition_24_to_4","4","k6","7724","True","0.314","66.168","93.172","16"
"2026-08-17T12:23:29.2807878Z","recovery_ramp","transition_24_to_4","4","backend","11520","True","0.696","58.375","69.441","13"
"2026-08-17T12:23:29.2807878Z","recovery_ramp","transition_24_to_4","4","k6","7724","True","0.126","66.184","93.188","16"
"2026-08-17T12:23:31.3127529Z","recovery_ramp","transition_24_to_4","4","backend","11520","True","0.192","58.375","69.441","13"
"2026-08-17T12:23:31.3127529Z","recovery_ramp","transition_24_to_4","4","k6","7724","True","0.256","66.191","93.188","16"
"2026-08-17T12:23:33.3598852Z","recovery_ramp","transition_24_to_4","4","backend","11520","True","0.572","58.387","69.441","13"
"2026-08-17T12:23:33.3598852Z","recovery_ramp","transition_24_to_4","4","k6","7724","True","0.127","66.191","93.188","16"
"2026-08-17T12:23:35.3991709Z","recovery_ramp","transition_24_to_4","4","backend","11520","True","0.319","58.387","69.441","13"
"2026-08-17T12:23:35.3991709Z","recovery_ramp","transition_24_to_4","4","k6","7724","True","0.128","66.191","93.188","16"
"2026-08-17T12:23:37.4728189Z","recovery_ramp","transition_24_to_4","4","backend","11520","True","0.565","58.43","69.441","13"
"2026-08-17T12:23:37.4728189Z","recovery_ramp","transition_24_to_4","4","k6","7724","True","0.126","66.191","93.188","16"
"2026-08-17T12:23:39.5292934Z","recovery_ramp","transition_24_to_4","4","backend","11520","True","0.19","58.43","69.441","13"
"2026-08-17T12:23:39.5292934Z","recovery_ramp","transition_24_to_4","4","k6","7724","True","0.19","66.195","93.188","16"
"2026-08-17T12:23:41.5867876Z","recovery_ramp","transition_24_to_4","4","backend","11520","True","0.506","58.43","69.441","13"
"2026-08-17T12:23:41.5867876Z","recovery_ramp","transition_24_to_4","4","k6","7724","True","0","66.207","93.188","16"
"2026-08-17T12:23:43.6244851Z","recovery_ramp","transition_24_to_4","4","backend","11520","True","0.319","58.434","69.441","13"
"2026-08-17T12:23:43.6244851Z","recovery_ramp","transition_24_to_4","4","k6","7724","True","0","66.207","93.188","16"
"2026-08-17T12:23:45.6623419Z","recovery_ramp","transition_24_to_4","4","backend","11520","True","0.319","58.434","69.441","13"
"2026-08-17T12:23:45.6623419Z","recovery_ramp","transition_24_to_4","4","k6","7724","True","0.383","66.207","93.188","16"
"2026-08-17T12:23:47.7125289Z","recovery_ramp","transition_24_to_4","4","backend","11520","True","0.318","58.434","69.441","13"
"2026-08-17T12:23:47.7125289Z","recovery_ramp","transition_24_to_4","4","k6","7724","True","0.318","66.207","93.188","16"
"2026-08-17T12:23:49.7965634Z","recovery_ramp","transition_24_to_4","4","backend","11520","True","0.625","58.434","69.441","13"
"2026-08-17T12:23:49.7965634Z","recovery_ramp","transition_24_to_4","4","k6","7724","True","0.187","66.207","93.188","16"
"2026-08-17T12:23:51.8462035Z","recovery_ramp","transition_24_to_4","4","backend","11520","True","0.254","58.434","69.441","13"
"2026-08-17T12:23:51.8462035Z","recovery_ramp","transition_24_to_4","4","k6","7724","True","0.254","66.207","93.188","16"
"2026-08-17T12:23:53.9380927Z","recovery_ramp","transition_24_to_4","4","backend","11520","True","0.436","58.434","69.441","13"
"2026-08-17T12:23:53.9380927Z","recovery_ramp","transition_24_to_4","4","k6","7724","True","0.124","66.211","93.188","16"
"2026-08-17T12:23:55.9818052Z","recovery_ramp","transition_24_to_4","4","backend","11520","True","0.191","58.023","68.719","13"
"2026-08-17T12:23:55.9818052Z","recovery_ramp","transition_24_to_4","4","k6","7724","True","0.51","66.223","93.188","16"
"2026-08-17T12:23:58.0281260Z","recovery_ramp","transition_24_to_4","4","backend","11520","True","0.445","58.027","68.723","13"
"2026-08-17T12:23:58.0281260Z","recovery_ramp","transition_24_to_4","4","k6","7724","True","0.318","66.211","93.102","16"
"2026-08-17T12:24:00.0738662Z","recovery_ramp","transition_24_to_4","4","backend","11520","True","0.064","58.012","68.754","12"
"2026-08-17T12:24:00.0738662Z","recovery_ramp","transition_24_to_4","4","k6","7724","True","0.064","66.211","93.102","16"
"2026-08-17T12:24:02.1195447Z","recovery_ramp","transition_24_to_4","4","backend","11520","True","0.127","58.012","68.801","12"
"2026-08-17T12:24:02.1195447Z","recovery_ramp","transition_24_to_4","4","k6","7724","True","0","66.211","93.102","16"
"2026-08-17T12:24:04.1707913Z","recovery_ramp","transition_24_to_4","4","backend","11520","True","0.127","58.012","68.801","12"
"2026-08-17T12:24:04.1707913Z","recovery_ramp","transition_24_to_4","4","k6","7724","True","0.127","66.211","93.102","16"
"2026-08-17T12:24:06.1991572Z","recovery_ramp","transition_24_to_4","4","backend","11520","True","0.321","58.012","68.801","12"
"2026-08-17T12:24:06.1991572Z","recovery_ramp","transition_24_to_4","4","k6","7724","True","0","66.211","93.102","16"
"2026-08-17T12:24:08.2434658Z","recovery_ramp","transition_24_to_4","4","backend","11520","True","0.064","58.012","68.801","12"
"2026-08-17T12:24:08.2434658Z","recovery_ramp","transition_24_to_4","4","k6","7724","True","0","66.211","93.102","16"
"2026-08-17T12:24:10.3007768Z","recovery","recovery_4","4","backend","11520","True","0.127","58.012","68.801","12"
"2026-08-17T12:24:10.3007768Z","recovery","recovery_4","4","k6","7724","True","0.19","66.211","93.102","16"
"2026-08-17T12:24:12.3478891Z","recovery","recovery_4","4","backend","11520","True","0.064","58.012","68.801","12"
"2026-08-17T12:24:12.3478891Z","recovery","recovery_4","4","k6","7724","True","0.064","66.211","93.102","16"
"2026-08-17T12:24:14.3775923Z","recovery","recovery_4","4","backend","11520","True","0","58.012","68.801","12"
"2026-08-17T12:24:14.3775923Z","recovery","recovery_4","4","k6","7724","True","0.449","66.359","93.234","16"
"2026-08-17T12:24:16.4475262Z","recovery","recovery_4","4","backend","11520","True","0","58.012","68.801","12"
"2026-08-17T12:24:16.4475262Z","recovery","recovery_4","4","k6","7724","True","0.063","66.5","93.375","16"
"2026-08-17T12:24:18.5133974Z","recovery","recovery_4","4","backend","11520","True","0.252","58.012","68.801","12"
"2026-08-17T12:24:18.5133974Z","recovery","recovery_4","4","k6","7724","True","0","66.508","93.383","16"
"2026-08-17T12:24:20.5785886Z","recovery","recovery_4","4","backend","11520","True","0.063","58.012","68.801","12"
"2026-08-17T12:24:20.5785886Z","recovery","recovery_4","4","k6","7724","True","0.189","66.508","93.383","16"
"2026-08-17T12:24:22.6130846Z","recovery","recovery_4","4","backend","11520","True","0.256","58.012","68.801","12"
"2026-08-17T12:24:22.6130846Z","recovery","recovery_4","4","k6","7724","True","0","66.508","93.383","16"
"2026-08-17T12:24:24.6507647Z","recovery","recovery_4","4","backend","11520","True","0.064","58.012","68.801","12"
"2026-08-17T12:24:24.6507647Z","recovery","recovery_4","4","k6","7724","True","0","66.508","93.383","16"
"2026-08-17T12:24:26.7009156Z","recovery","recovery_4","4","backend","11520","True","0.191","58.012","68.801","12"
"2026-08-17T12:24:26.7009156Z","recovery","recovery_4","4","k6","7724","True","0","66.508","93.383","16"
"2026-08-17T12:24:28.7255703Z","recovery","recovery_4","4","backend","11520","True","0.129","58.016","68.801","12"
"2026-08-17T12:24:28.7255703Z","recovery","recovery_4","4","k6","7724","True","0","66.508","93.383","16"
"2026-08-17T12:24:30.7815922Z","recovery","recovery_4","4","backend","11520","True","0.127","58.016","68.801","12"
"2026-08-17T12:24:30.7815922Z","recovery","recovery_4","4","k6","7724","True","0","66.508","93.383","16"
"2026-08-17T12:24:32.8124459Z","recovery","recovery_4","4","backend","11520","True","0.064","58.016","68.801","12"
"2026-08-17T12:24:32.8124459Z","recovery","recovery_4","4","k6","7724","True","0.064","66.508","93.383","16"
"2026-08-17T12:24:34.8602351Z","recovery","recovery_4","4","backend","11520","True","0.127","58.102","68.855","12"
"2026-08-17T12:24:34.8602351Z","recovery","recovery_4","4","k6","7724","True","0.127","66.516","93.383","16"
"2026-08-17T12:24:36.9122550Z","recovery","recovery_4","4","backend","11520","True","0.063","58.102","68.855","12"
"2026-08-17T12:24:36.9122550Z","recovery","recovery_4","4","k6","7724","True","0.063","66.805","93.672","16"
"2026-08-17T12:24:38.9618076Z","recovery","recovery_4","4","backend","11520","True","0.191","58.102","68.855","12"
"2026-08-17T12:24:38.9618076Z","recovery","recovery_4","4","k6","7724","True","0.318","66.809","93.672","16"
"2026-08-17T12:24:41.0036116Z","recovery","recovery_4","4","backend","11520","True","0.064","58.102","68.855","12"
"2026-08-17T12:24:41.0036116Z","recovery","recovery_4","4","k6","7724","True","0","66.809","93.672","16"
"2026-08-17T12:24:43.0513438Z","recovery","recovery_4","4","backend","11520","True","0.064","58.102","68.855","12"
"2026-08-17T12:24:43.0513438Z","recovery","recovery_4","4","k6","7724","True","0","66.809","93.672","16"
"2026-08-17T12:24:45.0958762Z","recovery","recovery_4","4","backend","11520","True","0.127","58.102","68.855","12"
"2026-08-17T12:24:45.0958762Z","recovery","recovery_4","4","k6","7724","True","0.064","66.809","93.672","16"
"2026-08-17T12:24:47.1476395Z","recovery","recovery_4","4","backend","11520","True","0.063","58.102","68.855","12"
"2026-08-17T12:24:47.1476395Z","recovery","recovery_4","4","k6","7724","True","0","66.809","93.672","16"
"2026-08-17T12:24:49.1764706Z","recovery","recovery_4","4","backend","11520","True","0.064","57.93","69.25","12"
"2026-08-17T12:24:49.1764706Z","recovery","recovery_4","4","k6","7724","True","0","66.809","93.672","16"
"2026-08-17T12:24:51.2237195Z","recovery","recovery_4","4","backend","11520","True","0.127","58.004","69.125","12"
"2026-08-17T12:24:51.2237195Z","recovery","recovery_4","4","k6","7724","True","0.064","66.809","93.672","16"
"2026-08-17T12:24:53.2585057Z","recovery","recovery_4","4","backend","11520","True","0.128","58.008","69.223","12"
"2026-08-17T12:24:53.2585057Z","recovery","recovery_4","4","k6","7724","True","0","66.809","93.672","16"
"2026-08-17T12:24:55.3257015Z","recovery","recovery_4","4","backend","11520","True","0.126","57.277","69.223","12"
"2026-08-17T12:24:55.3257015Z","recovery","recovery_4","4","k6","7724","True","0","66.609","93.672","16"
"2026-08-17T12:24:57.3808380Z","recovery","recovery_4","4","backend","11520","True","0.063","57.277","69.223","12"
"2026-08-17T12:24:57.3808380Z","recovery","recovery_4","4","k6","7724","True","0.063","66.609","93.672","16"
"2026-08-17T12:24:59.4390481Z","recovery","recovery_4","4","backend","11520","True","0.19","57.277","69.223","12"
"2026-08-17T12:24:59.4390481Z","recovery","recovery_4","4","k6","7724","True","0.063","66.613","93.672","16"
"2026-08-17T12:25:01.4927798Z","recovery","recovery_4","4","backend","11520","True","0","57.277","69.223","12"
"2026-08-17T12:25:01.4927798Z","recovery","recovery_4","4","k6","7724","True","0","66.613","93.672","16"
"2026-08-17T12:25:03.5431044Z","recovery","recovery_4","4","backend","11520","True","0.254","57.277","69.223","12"
"2026-08-17T12:25:03.5431044Z","recovery","recovery_4","4","k6","7724","True","0","66.613","93.672","16"
"2026-08-17T12:25:05.5724339Z","recovery","recovery_4","4","backend","11520","True","0","57.277","69.223","12"
"2026-08-17T12:25:05.5724339Z","recovery","recovery_4","4","k6","7724","True","0.192","66.645","93.703","16"
"2026-08-17T12:25:07.6262573Z","recovery","recovery_4","4","backend","11520","True","0","57.277","69.223","12"
"2026-08-17T12:25:07.6262573Z","recovery","recovery_4","4","k6","7724","True","0","66.645","93.703","16"
"2026-08-17T12:25:09.6688000Z","recovery","recovery_4","4","backend","11520","True","0.255","57.277","69.223","12"
"2026-08-17T12:25:09.6688000Z","recovery","recovery_4","4","k6","7724","True","0.064","66.645","93.703","16"
"2026-08-17T12:25:11.7245377Z","recovery","recovery_4","4","backend","11520","True","0.127","57.277","69.223","12"
"2026-08-17T12:25:11.7245377Z","recovery","recovery_4","4","k6","7724","True","0","66.645","93.703","16"
"2026-08-17T12:25:13.7875116Z","recovery","recovery_4","4","backend","11520","True","0.189","57.277","69.223","12"
"2026-08-17T12:25:13.7875116Z","recovery","recovery_4","4","k6","7724","True","0.189","66.645","93.703","16"
"2026-08-17T12:25:15.8553177Z","recovery","recovery_4","4","backend","11520","True","0","57.277","69.223","12"
"2026-08-17T12:25:15.8553177Z","recovery","recovery_4","4","k6","7724","True","0","66.645","93.703","16"
"2026-08-17T12:25:17.9119301Z","recovery","recovery_4","4","backend","11520","True","0.127","57.277","69.223","12"
"2026-08-17T12:25:17.9119301Z","recovery","recovery_4","4","k6","7724","True","0.253","66.645","93.703","16"
"2026-08-17T12:25:19.9718881Z","recovery","recovery_4","4","backend","11520","True","0.063","57.277","69.223","12"
"2026-08-17T12:25:19.9718881Z","recovery","recovery_4","4","k6","7724","True","0","66.645","93.703","16"
"2026-08-17T12:25:22.0141699Z","recovery","recovery_4","4","backend","11520","True","0.128","57.516","69.332","12"
"2026-08-17T12:25:22.0141699Z","recovery","recovery_4","4","k6","7724","True","0.128","66.645","93.703","16"
"2026-08-17T12:25:24.0683437Z","recovery","recovery_4","4","backend","11520","True","0.254","57.559","68.914","12"
"2026-08-17T12:25:24.0683437Z","recovery","recovery_4","4","k6","7724","True","0.063","66.645","93.703","16"
"2026-08-17T12:25:26.1234655Z","recovery","recovery_4","4","backend","11520","True","0.127","57.559","68.914","12"
"2026-08-17T12:25:26.1234655Z","recovery","recovery_4","4","k6","7724","True","0","66.645","93.703","16"
"2026-08-17T12:25:28.1640398Z","recovery","recovery_4","4","backend","11520","True","0.064","57.562","68.918","12"
"2026-08-17T12:25:28.1640398Z","recovery","recovery_4","4","k6","7724","True","0.319","66.645","93.703","16"
"2026-08-17T12:25:30.2162957Z","recovery","recovery_4","4","backend","11520","True","0.19","57.562","68.918","12"
"2026-08-17T12:25:30.2162957Z","recovery","recovery_4","4","k6","7724","True","0.19","66.668","93.75","16"
"2026-08-17T12:25:32.2554490Z","recovery","recovery_4","4","backend","11520","True","0.255","57.562","68.918","12"
"2026-08-17T12:25:32.2554490Z","recovery","recovery_4","4","k6","7724","True","0.128","66.668","93.75","16"
"2026-08-17T12:25:34.2867018Z","recovery","recovery_4","4","backend","11520","True","0.128","57.562","68.918","12"
"2026-08-17T12:25:34.2867018Z","recovery","recovery_4","4","k6","7724","True","0.192","66.668","93.75","16"
"2026-08-17T12:25:36.3330689Z","recovery","recovery_4","4","backend","11520","True","0","57.562","68.918","12"
"2026-08-17T12:25:36.3330689Z","recovery","recovery_4","4","k6","7724","True","0","66.668","93.75","16"
"2026-08-17T12:25:38.3627046Z","recovery","recovery_4","4","backend","11520","True","0.192","57.562","68.918","12"
"2026-08-17T12:25:38.3627046Z","recovery","recovery_4","4","k6","7724","True","0.192","66.668","93.75","16"
"2026-08-17T12:25:40.4130692Z","recovery","recovery_4","4","backend","11520","True","0.064","57.562","68.918","12"
"2026-08-17T12:25:40.4130692Z","recovery","recovery_4","4","k6","7724","True","0.064","66.668","93.75","16"
"2026-08-17T12:25:42.4977311Z","recovery","recovery_4","4","backend","11520","True","0.25","57.562","68.918","12"
"2026-08-17T12:25:42.4977311Z","recovery","recovery_4","4","k6","7724","True","0.062","66.668","93.75","16"
"2026-08-17T12:25:44.5412737Z","recovery","recovery_4","4","backend","11520","True","0.191","57.562","68.918","12"
"2026-08-17T12:25:44.5412737Z","recovery","recovery_4","4","k6","7724","True","0","66.668","93.75","16"
"2026-08-17T12:25:46.5846960Z","recovery","recovery_4","4","backend","11520","True","0.064","57.562","68.918","12"
"2026-08-17T12:25:46.5846960Z","recovery","recovery_4","4","k6","7724","True","0","66.668","93.75","16"
"2026-08-17T12:25:48.6123304Z","recovery","recovery_4","4","backend","11520","True","0.193","57.562","68.918","12"
"2026-08-17T12:25:48.6123304Z","recovery","recovery_4","4","k6","7724","True","0.064","66.668","93.75","16"
"2026-08-17T12:25:50.6724096Z","recovery","recovery_4","4","backend","11520","True","0.126","57.562","68.918","12"
"2026-08-17T12:25:50.6724096Z","recovery","recovery_4","4","k6","7724","True","0","66.668","93.75","16"
"2026-08-17T12:25:52.7221527Z","recovery","recovery_4","4","backend","11520","True","0.064","57.562","68.918","12"
"2026-08-17T12:25:52.7221527Z","recovery","recovery_4","4","k6","7724","True","0.064","66.668","93.75","16"
"2026-08-17T12:25:54.7733603Z","recovery","recovery_4","4","backend","11520","True","0.127","57.562","68.918","12"
"2026-08-17T12:25:54.7733603Z","recovery","recovery_4","4","k6","7724","True","0","66.668","93.75","16"
"2026-08-17T12:25:56.8114866Z","recovery","recovery_4","4","backend","11520","True","0.128","57.562","68.918","12"
"2026-08-17T12:25:56.8114866Z","recovery","recovery_4","4","k6","7724","True","0.639","66.785","93.902","16"
"2026-08-17T12:25:58.8585938Z","recovery","recovery_4","4","backend","11520","True","0","57.562","68.918","12"
"2026-08-17T12:25:58.8585938Z","recovery","recovery_4","4","k6","7724","True","0.064","66.879","94.16","16"
"2026-08-17T12:26:00.9042058Z","recovery","recovery_4","4","backend","11520","True","0.127","57.562","68.918","12"
"2026-08-17T12:26:00.9042058Z","recovery","recovery_4","4","k6","7724","True","0","66.887","94.168","16"
"2026-08-17T12:26:02.9559659Z","recovery","recovery_4","4","backend","11520","True","0.19","57.562","68.918","12"
"2026-08-17T12:26:02.9559659Z","recovery","recovery_4","4","k6","7724","True","0","66.887","94.168","16"
"2026-08-17T12:26:04.9996676Z","recovery","recovery_4","4","backend","11520","True","0","57.562","68.918","12"
"2026-08-17T12:26:04.9996676Z","recovery","recovery_4","4","k6","7724","True","0","66.887","94.168","16"
"2026-08-17T12:26:07.0488145Z","recovery","recovery_4","4","backend","11520","True","0.127","57.562","68.918","12"
"2026-08-17T12:26:07.0488145Z","recovery","recovery_4","4","k6","7724","True","0.191","66.887","94.168","16"
"2026-08-17T12:26:09.0992636Z","recovery","recovery_4","4","backend","11520","True","0.127","57.562","68.918","12"
"2026-08-17T12:26:09.0992636Z","recovery","recovery_4","4","k6","7724","True","0.191","66.887","94.168","16"
"2026-08-17T12:26:11.1356634Z","ramp_down","transition_4_to_0","0","backend","11520","True","0.128","57.258","68.762","12"
"2026-08-17T12:26:11.1356634Z","ramp_down","transition_4_to_0","0","k6","7724","True","0.064","66.887","94.168","16"
"2026-08-17T12:26:13.1958127Z","ramp_down","transition_4_to_0","0","backend","11520","True","0.126","57.324","68.836","12"
"2026-08-17T12:26:13.1958127Z","ramp_down","transition_4_to_0","0","k6","7724","True","0","66.887","94.168","16"
"2026-08-17T12:26:15.2455465Z","ramp_down","transition_4_to_0","0","backend","11520","True","0.064","57.324","68.836","12"
"2026-08-17T12:26:15.2455465Z","ramp_down","transition_4_to_0","0","k6","7724","True","0.064","66.887","94.168","16"
"2026-08-17T12:26:17.3019575Z","ramp_down","transition_4_to_0","0","backend","11520","True","0.127","57.324","68.836","12"
"2026-08-17T12:26:17.3019575Z","ramp_down","transition_4_to_0","0","k6","7724","True","0","66.887","94.168","16"
"2026-08-17T12:26:19.3317447Z","ramp_down","transition_4_to_0","0","backend","11520","True","0.128","57.332","68.836","12"
"2026-08-17T12:26:19.3317447Z","ramp_down","transition_4_to_0","0","k6","7724","True","0","66.887","94.168","16"
"2026-08-17T12:26:21.3708997Z","ramp_down","transition_4_to_0","0","backend","11520","True","0.128","57.332","68.836","12"
"2026-08-17T12:26:21.3708997Z","ramp_down","transition_4_to_0","0","k6","7724","True","0","66.887","94.168","16"
"2026-08-17T12:26:23.4223554Z","ramp_down","transition_4_to_0","0","backend","11520","True","0","57.332","68.836","12"
"2026-08-17T12:26:23.4223554Z","ramp_down","transition_4_to_0","0","k6","7724","True","0.317","66.887","94.168","16"
"2026-08-17T12:26:25.4675864Z","ramp_down","transition_4_to_0","0","backend","11520","True","0.191","57.332","68.836","12"
"2026-08-17T12:26:25.4675864Z","ramp_down","transition_4_to_0","0","k6","7724","True","0.064","66.887","94.168","16"
"2026-08-17T12:26:27.5122207Z","ramp_down","transition_4_to_0","0","backend","11520","True","0.191","57.332","68.836","12"
"2026-08-17T12:26:27.5122207Z","ramp_down","transition_4_to_0","0","k6","7724","True","0","66.887","94.168","16"
"2026-08-17T12:26:29.5592250Z","ramp_down","transition_4_to_0","0","backend","11520","True","0.191","57.332","68.836","12"
"2026-08-17T12:26:29.5592250Z","ramp_down","transition_4_to_0","0","k6","7724","True","0","66.887","94.168","16"
"2026-08-17T12:26:31.6085096Z","ramp_down","transition_4_to_0","0","backend","11520","True","0.064","57.332","68.836","12"
"2026-08-17T12:26:31.6085096Z","ramp_down","transition_4_to_0","0","k6","7724","True","0","66.887","94.168","16"
"2026-08-17T12:26:33.6702915Z","ramp_down","transition_4_to_0","0","backend","11520","True","0.063","57.332","68.836","12"
"2026-08-17T12:26:33.6702915Z","ramp_down","transition_4_to_0","0","k6","7724","True","0","66.887","94.168","16"
"2026-08-17T12:26:35.7034546Z","ramp_down","transition_4_to_0","0","backend","11520","True","0.192","57.332","68.836","12"
"2026-08-17T12:26:35.7034546Z","ramp_down","transition_4_to_0","0","k6","7724","True","0.064","66.887","94.168","16"
"2026-08-17T12:26:37.7435760Z","ramp_down","transition_4_to_0","0","backend","11520","True","0.064","57.332","68.836","12"
"2026-08-17T12:26:37.7435760Z","ramp_down","transition_4_to_0","0","k6","7724","True","0.064","66.887","94.168","16"
"2026-08-17T12:26:39.7872320Z","ramp_down","transition_4_to_0","0","backend","11520","True","0","57.332","68.836","12"
"2026-08-17T12:26:39.7872320Z","ramp_down","transition_4_to_0","0","k6","7724","True","0","66.887","94.168","16"
"2026-08-17T12:26:41.8347746Z","ramp_down","transition_4_to_0","0","backend","11520","True","0.064","57.332","68.836","12"
"2026-08-17T12:26:41.8347746Z","ramp_down","transition_4_to_0","0","k6","7724","True","0","66.887","94.168","16"
"2026-08-17T12:26:43.9387286Z","ramp_down","transition_4_to_0","0","backend","11520","True","0.186","57.332","68.836","12"
"2026-08-17T12:26:43.9387286Z","ramp_down","transition_4_to_0","0","k6","7724","True","0","66.887","94.168","16"
"2026-08-17T12:26:45.9978493Z","ramp_down","transition_4_to_0","0","backend","11520","True","0.063","57.332","68.836","12"
"2026-08-17T12:26:45.9978493Z","ramp_down","transition_4_to_0","0","k6","7724","True","0","66.887","94.168","16"
"2026-08-17T12:26:48.0718468Z","ramp_down","transition_4_to_0","0","backend","11520","True","0.063","57.332","68.836","12"
"2026-08-17T12:26:48.0718468Z","ramp_down","transition_4_to_0","0","k6","7724","True","0","66.887","94.168","16"
"2026-08-17T12:26:50.1371559Z","ramp_down","transition_4_to_0","0","backend","11520","True","0.189","57.332","68.836","12"
"2026-08-17T12:26:50.1371559Z","ramp_down","transition_4_to_0","0","k6","7724","True","0.126","67.094","94.301","16"
"2026-08-17T12:26:52.1977084Z","ramp_down","transition_4_to_0","0","backend","11520","True","0","57.332","68.836","12"
"2026-08-17T12:26:52.1977084Z","ramp_down","transition_4_to_0","0","k6","7724","True","0","67.344","94.863","16"
"2026-08-17T12:26:54.2478812Z","ramp_down","transition_4_to_0","0","backend","11520","True","0.064","57.332","68.836","12"
"2026-08-17T12:26:54.2478812Z","ramp_down","transition_4_to_0","0","k6","7724","True","0.254","67.586","95.168","16"
"2026-08-17T12:26:56.2872125Z","ramp_down","transition_4_to_0","0","backend","11520","True","0.064","57.332","68.836","12"
"2026-08-17T12:26:56.2872125Z","ramp_down","transition_4_to_0","0","k6","7724","True","0.064","67.695","95.277","16"
"2026-08-17T12:26:58.3362880Z","ramp_down","transition_4_to_0","0","backend","11520","True","0","57.332","68.836","12"
"2026-08-17T12:26:58.3362880Z","ramp_down","transition_4_to_0","0","k6","7724","True","0","67.758","95.34","16"
"2026-08-17T12:27:00.3791944Z","ramp_down","transition_4_to_0","0","backend","11520","True","0","57.332","68.836","12"
"2026-08-17T12:27:00.3791944Z","ramp_down","transition_4_to_0","0","k6","7724","True","0.064","67.758","95.34","16"
"2026-08-17T12:27:02.4271841Z","ramp_down","transition_4_to_0","0","backend","11520","True","0.064","57.332","68.836","12"
"2026-08-17T12:27:02.4271841Z","ramp_down","transition_4_to_0","0","k6","7724","True","0","67.762","95.348","16"
"2026-08-17T12:27:04.4757550Z","ramp_down","transition_4_to_0","0","backend","11520","True","0.064","57.332","68.836","12"
"2026-08-17T12:27:04.4757550Z","ramp_down","transition_4_to_0","0","k6","7724","True","0","67.766","95.348","16"
"2026-08-17T12:27:06.5068297Z","ramp_down","transition_4_to_0","0","backend","11520","True","0","57.332","68.836","12"
"2026-08-17T12:27:06.5068297Z","ramp_down","transition_4_to_0","0","k6","7724","True","0","67.766","95.348","16"
"2026-08-17T12:27:08.5503737Z","ramp_down","transition_4_to_0","0","backend","11520","True","0","57.332","68.836","12"
"2026-08-17T12:27:08.5503737Z","ramp_down","transition_4_to_0","0","k6","7724","True","0","67.766","95.348","16"
"2026-08-17T12:27:10.6104600Z","graceful_completion","graceful_completion","0","backend","11520","True","0","57.332","68.836","12"
"2026-08-17T12:27:10.6104600Z","graceful_completion","graceful_completion","0","k6","7724","True","0","67.766","95.348","16"
"2026-08-17T12:27:12.6654574Z","graceful_completion","graceful_completion","0","backend","11520","True","0","57.332","68.836","12"
"2026-08-17T12:27:12.6654574Z","graceful_completion","graceful_completion","0","k6","7724","True","0","67.766","95.348","16"
"2026-08-17T12:27:14.7179015Z","graceful_completion","graceful_completion","0","backend","11520","True","0","57.332","68.836","12"
"2026-08-17T12:27:14.7179015Z","graceful_completion","graceful_completion","0","k6","7724","True","0.063","67.766","95.348","16"
"2026-08-17T12:27:16.7731971Z","graceful_completion","graceful_completion","0","backend","11520","True","0","57.332","68.836","12"
"2026-08-17T12:27:16.7731971Z","graceful_completion","graceful_completion","0","k6","7724","True","0","67.766","95.348","16"
